"word_freq_make","word_freq_address","word_freq_all","word_freq_3d","word_freq_our","word_freq_over","word_freq_remove","word_freq_internet","word_freq_order","word_freq_mail","word_freq_receive","word_freq_will","word_freq_people","word_freq_report","word_freq_addresses","word_freq_free","word_freq_business","word_freq_email","word_freq_you","word_freq_credit","word_freq_your","word_freq_font","word_freq_000","word_freq_money","word_freq_hp","word_freq_hpl","word_freq_george","word_freq_650","word_freq_lab","word_freq_labs","word_freq_telnet","word_freq_857","word_freq_data","word_freq_415","word_freq_85","word_freq_technology","word_freq_1999","word_freq_parts","word_freq_pm","word_freq_direct","word_freq_cs","word_freq_meeting","word_freq_original","word_freq_project","word_freq_re","word_freq_edu","word_freq_table","word_freq_conference","char_freq_;","char_freq_(","char_freq_[","char_freq_!","char_freq_$","char_freq_#","capital_run_length_average","capital_run_length_longest","capital_run_length_total","Class"
0,0,0,0,0,0,0,0,0,0,0,0,0,0,0,0,0,0,0,0,0,0,0,0,0,0,0.8,0,0,0,0,0,0,0,0,0,0,0,0,0,0,0,0,0,0,0,0,0,0,0,0,0,0,0,0,0,0.000741564701520208,-1
0,0,0,0,0,0,0,0,0,0,0,0,0,0,0,0,0,0,0,0,0,0,0,0,0,0,0,0,0,0,0,0,0,0,0,0,0,0,0,0,0,0,0,0,0,0.0644257703081233,0,0,0,0.0433153828143292,0,0,0,0,0.00135735735735736,0.00750750750750751,0.0146459028550241,-1
0,0,0,0,0,0,0,0,0,0,0,0,0,0,0,0,0,0,0,0,0,0,0,0,0,0,0,0,0,0,0,0,0,0,0,0,0,0,0,0,0,0,0,0,0,0,0,0,0,0,0,0,0,0,0.000333333333333333,0.000750750750750751,0.00185391175380052,-1
0,0,0,0,0,0,0,0,0,0,0,0.287758346581876,0,0,0,0,0,0,0,0,0.22625,0,0,0,0,0,0,0,0,0,0,0,0,0,0,0,0,0,0,0,0,0,0,0,0,0,0,0,0,0,0,0.0556255625562556,0,0,5e-04,0.00750750750750751,0.0101965146459029,1
0,0,0,0,0,0,0,0,0,0,0,0,0,0,0,0,0,0,0.390639063906391,0,0,0,0,0,0,0,0,0,0,0,0,0,0,0,0,0,0,0,0,0,0,0,0,0,0,0,0,0,0,0,0,0.473627362736274,0,0,0.001,0.003003003003003,0.00259547645532073,1
0,0,0,0,0,0,0,0.57051282051282,0,0,0,0,0,0.320720720720721,0,0,0,0,0,0,0,0,0,0,0,0,0,0,0,0,0,0,0,0,0,0,0,0,0,0,0,0,1,0,0,0,0,0,0,0,0,0,0,0,0.000666666666666667,0.003003003003003,0.00222469410456062,-1
0.0725,0.0133053221288515,0.19047619047619,0,0,0.360248447204969,0,0.185897435897436,0.246808510638298,0.188264058679707,0,0.0922098569157393,0.0684684684684685,0,0.41991341991342,0,0.037109375,0.288537549407115,0.157515751575158,0.0608,0.09625,0,0.246808510638298,0.154195011337868,0,0,0,0,0,0,0,0,0,0,0.0207373271889401,0,0,0,0,0,0,0,0,0,0,0,0,0,0,0.0079606649496605,0,0.102430243024302,0.0626323751891074,0.0209230769230769,0.0166126126126126,0.518018018018018,0.312940304041528,1
0.025,0.0140056022408964,0.282913165266106,0,0.08,0.496894409937888,0.0687757909215956,0,0.340425531914894,0.0244498777506112,0.15,0.111287758346582,0.0540540540540541,0,0.696969696969697,0.0136054421768707,0,0.219367588932806,0.117911791179118,0.032,0.0875,0,0.25531914893617,0.0226757369614512,0,0,0,0,0,0,0,0,0,0,0,0,0,0,0,0,0,0,0.0560224089635854,0,0.005,0.0140056022408964,0,0,0,0.0257550924841957,0,0.0882088208820882,0.0478063540090772,0.00923076923076923,0.0113363363363363,0.501501501501502,0.25027808676307,1
0,0.0175070028011204,0.0336134453781513,0,0.037,0,0,0.0384615384615385,0,0.0904645476772616,0.125,0.0588235294117647,0.0216216216216216,0,0,0,0.0234375,0,0.0333033303330333,0,0.015,0,0.051063829787234,0,0.163198959687906,0,0,0,0,0.0576036866359447,0,0,0.0164158686730506,0,0,0,0.0174165457184325,0,0,0,0,0,0,0,0,0,0,0,0.0040281973816717,0.011706860220089,0,0.009000900090009,0,0,0.00212312312312312,0.018018018018018,0.067853170189099,-1
0,0,0,0,0,0,0,0,0,0,0,0,0,1,0,0,0,0,0,0,0,0,0,0,0,0,0,0,0,0,0,0,0,0,0,0,0,0,0,0,0,0,0,0,0,0,0,0,0,0,0,0,0,0,0.00433633633633634,0.00900900900900901,0.00630329996292176,-1
0.0425,0,0.0224089635854342,0,0.042,0.0496894409937888,0.0110041265474553,0.134615384615385,0.0340425531914894,0.019559902200489,0,0.095389507154213,0.0306306306306306,0.0306306306306306,0,0,0.033203125,0.0158102766798419,0.108010801080108,0,0.39625,0,0.14468085106383,0.018140589569161,0,0,0,0,0,0,0,0,0,0,0,0,0,0,0,0,0,0,0,0,0,0,0,0,0,0.0189651135565441,0.0165238678090575,0.0171017101710171,0.00393343419062027,0,0.00460960960960961,0.0352852852852853,0.10622914349277,1
0,0,0,0,0,0,0,0,0,0.332518337408313,0,0,0,0,0.588744588744589,0,0,0,0,0,0,0,0,0,0.0884265279583875,0.176853055916775,0,0,0,0,0,0,0.186046511627907,0,0,0,0.197387518142235,0,0,0,0,0,0.380952380952381,0,0,0,0,0,0,0.0945914305783189,0.123623011015912,0,0,0,0.0038033033033033,0.012012012012012,0.0096403411197627,-1
0,0,0,0,0,0,0,0,0,0,0,0,0,0,0,0,0,0,0,0,0,0,0,0,0.565019505851755,0.564369310793238,0.1736,1,0.303921568627451,1,1,1,0,1,1,1,0,0,0,1,0,0,0,0,0,0,0,0,0,0.272067431514868,0,0,0,0,0.003503003003003,0.00750750750750751,0.00537634408602151,-1
0,0,0.0560224089635854,0,0.06,0.124223602484472,0,0,0.0425531914893617,0,0,0.0794912559618442,0,0,0,0,0.01953125,0,0.018001800180018,0,0,0,0,0,0,0,0,0,0,0,0,0,0,0,0,0,0.0145137880986938,0,0,0,0,0,0,0,0,0,0,0,0,0.0114727230156872,0,0,0,0,0.0001996996996997,0.00675675675675676,0.0485724879495736,-1
0,0,0.131652661064426,0,0.095,0.291925465838509,0,0,0,0,0,0.0747217806041335,0,0,0,0,0,0,0.0855085508550855,0,0,0,0,0,0,0.0611183355006502,0.0188,0,0,0,0,0,0,0,0,0,0,0.608974358974359,0,0,0,0.0329131652661064,0,0,0,0,0,0,0,0.0170920159213299,0,0,0,0,0.00132732732732733,0.00525525525525526,0.017982944011865,-1
0.3475,0,0.585434173669468,0,0,0,0,0,0,0,0,1,0,0,0,0.0938775510204082,0,0,0.377137713771377,0.1104,0.08625,0,0,0,0,0,0,0,0,0,0,0,0,0,0,0,0,0,0.0621062106210621,0,0,0,0,0,0,0,0,0,0,0,0,0.0457245724572457,0,0,0.0015015015015015,0.00900900900900901,0.0116796440489433,-1
0,0,0.218487394957983,0,0,0,0,0,0,0,0,0.249602543720191,0,0,0,0,0,0,0.282628262826283,0,0,0,0,0,0,0,0,0.361751152073733,0,0,0,0,0,0,0,0,0,0,0,0,0,0.0546218487394958,0,0,0,0.109243697478992,0,0,0,0.102317958323578,0,0.0156615661566157,0,0,0.00272072072072072,0.00900900900900901,0.0164998146088246,-1
0,0.0378151260504202,0,0,0,0,0.148555708390647,0,0,0.132029339853301,0.27,0.0858505564387917,0,0,0,0.295238095238095,0,0.106719367588933,0.293429342934293,0,0.135,0,0,0,0,0,0,0,0,0,0,0,0,0,0,0,0,0,0,0,0,0,0,0,0.027,0,0,0,0,0,0,0.0601260126012601,0,0,0.000487987987987988,0.003003003003003,0.0096403411197627,1
0.01,0.00560224089635854,0.0672268907563025,0,0.004,0.0993788819875776,0,0.0128205128205128,0.0680851063829787,0.127139364303178,0.04,0.165341812400636,0,0,0,0.0326530612244898,0.0078125,0,0.0612061206120612,0,0.11,0,0.0170212765957447,0,0.11443433029909,0.0780234070221066,0,0.0368663594470046,0,0,0.0368663594470046,0,0,0,0.0829493087557604,0,0.034833091436865,0.0256410256410256,0,0,0,0.00280112044817927,0,0,0.002,0,0,0,0.00730110775427996,0.0332474830250527,0,0.0127812781278128,0.021482602118003,0.00676923076923077,0.00147597597597598,0.0165165165165165,0.252131998516871,-1
0,0,0,0,0,0,0,0,0,0,0,0,1,0,0,0,0,0,0,0,0,0,0,0,0,0,0,0,0,0,0,0,0,0,0,0,0,0,0,0,0,0,0,0,0,0,0,0,0,0,0,0,0.94553706505295,0,0.00211861861861862,0.00675675675675676,0.00741564701520208,1
0,0,0.0784313725490196,0,0.028,0,0,0,0,0,0,0.135135135135135,0,0,0,0,0,0,0.0252025202520252,0,0,0,0,0,0.110533159947984,0,0,0.129032258064516,0,0,0,0,0,0,0.129032258064516,0.587557603686636,0.0406386066763425,0,0.0252025202520252,0,0,0,0,0.0168067226890756,0,0,0,0,0.0561430010070493,0.0173261531257317,0,0,0,0,0.00143843843843844,0.0405405405405405,0.0350389321468298,-1
0,0,0.11484593837535,0,0,0,0,0,0,0.100244498777506,0,0.19872813990461,0,0,0,0,0,0,0.261926192619262,0,0.05125,0,0,0,0,0,0,0,0,0,0,0,0,0,0,0,0,0,0,0,0,0,0,0,0,0,0,0,0,0.0430812456099274,0,0,0,0,0.000807807807807808,0.00675675675675676,0.00723025583982202,-1
0,0,0,0,0,0,0,0,0,0,0,0,0,0,0,0,0,0,0,0,0,0,0,0,0,0,0,0,0,0,0,0,0,0,0,0,0,0,0,0,0,0.700280112044818,0,0,0,0,0,0,0,0,0,0,0,0,0.001,0.0015015015015015,0.000741564701520208,-1
0,0,0.815126050420168,0,0,0,0,0,0,0,0,0,0,0,0,0,0,0,0.174617461746175,0,0,0,0,0,0,0,0,0,0,0,0,0,0,0,0,0,0,0,0,0,0,0,0,0,0,0,0,0,0,0.0910793725122922,0,0.07002700270027,0,0,0.00039039039039039,0.0015015015015015,0.00519095291064145,-1
0,0,0,0,0.312,0,0.143053645116919,0.333333333333333,0,0.254278728606357,0,0.165341812400636,0,0,0,0.282993197278912,0,0,0.187218721872187,0,0.13,0,0,0,0,0,0,0,0,0,0,0,0,0,0,0,0,0,0,0,0,0,0,0,0.052,0,0,0,0,0,0,0,0,0,0.0145525525525526,0.048048048048048,0.0255839822024472,1
0.0125,0,0.0812324929971989,0,0.023,0.105590062111801,0.00687757909215956,0,0,0,0.325,0.130365659777424,0,0,0,0.103401360544218,0.021484375,0.0217391304347826,0.137713771377138,0.0464,0.1625,0,0.0978723404255319,0.0113378684807256,0,0,0,0,0,0,0,0,0,0,0,0,0,0,0,0,0,0,0,0,0,0,0,0,0.00226586102719033,0.0302036993678295,0,0.0183618361836184,0.0783661119515885,0,0.00074024024024024,0.00525525525525526,0.122172784575454,1
0.015,0,0.0672268907563025,0,0.01,0,0,0.0544871794871795,0.0723404255319149,0.0415647921760391,0,0.0158982511923688,0.00540540540540541,0,0,0.00408163265306122,0,0,0.0405040504050405,0,0.025,0,0.0127659574468085,0,0.0767230169050715,0.158647594278283,0,0,0,0,0,0,0,0,0,0,0.197387518142235,0,0,0,0,0,0.0168067226890756,0,0.0225,0,0,0,0.0450654582074522,0.0714118473425427,0.0177478580171359,0.00522052205220522,0.00332829046898638,0.0141538461538462,0.00272222222222222,0.0187687687687688,0.46514645902855,1
0,0,0,0,0,0,0,0,0,0,0,0,0,0,0,0,0,0.371541501976285,0.169216921692169,0,0.235,0,0,0,0,0,0.0752,0,0,0,0,0,0.515731874145007,0,0,0,0,0,0,0,0,0,0,0,0,0,0,0,0,0.0856942168110513,0,0,0,0,0.000460960960960961,0.0015015015015015,0.00296625880608083,-1
1,0,0.280112044817927,0,0.1,0,0,0,0,0,0,0.158982511923688,0,0,0,0,0,0,0,0,0,0,0,0,0,0,0,0,0,0,0,0,0,0,0,0,0,0,0,0,0,0,0,0,0,0,0,0,0,0.039335050339499,0,0.0302430243024302,0,0,0.000689189189189189,0.00675675675675676,0.00982573229514275,-1
0,0.00560224089635854,0.0224089635854342,0,0,0.0496894409937888,0,0.0512820512820513,0,0,0,0.128775834658188,0.0288288288288288,0,0,0,0.015625,0,0,0,0,0,0.0340425531914894,0,0.226918075422627,0.0624187256176853,0,0,0.0224089635854342,0.0552995391705069,0,0,0,0,0,0.0737327188940092,0.011611030478955,0,0,0,0,0.00560224089635854,0,0,0,0,0,0.0747663551401869,0.00553877139979859,0.0259892296885975,0,0,0.0166414523449319,0,0.00171921921921922,0.015015015015015,0.128290693362996,-1
0,0,0,0,0,0,0,0,0,0,0,0,0,0,0,0,0,0,0.172817281728173,0,0.24,0,0,0,0,0,0,0,0,0,0,0,0,0,0,0,0.27866473149492,0,0,0,0,0,0,0,0,0.80672268907563,0,0,0,0.0786701006789979,0,0,0,0,0.00203003003003003,0.0105105105105105,0.00723025583982202,-1
0,0,0,0,0,0,0,0,0,0.134474327628362,0,0.0874403815580286,0,0,0,0,0,0,0.0999099909990999,0,0.06875,0,0,0,0.180104031209363,0.288686605981795,0.0444,0.126728110599078,0.038515406162465,0.126728110599078,0.126728110599078,0.126728110599078,0.0752393980848153,0.126728110599078,0.126728110599078,0.126728110599078,0.240928882438316,0,0.0495049504950495,0.126728110599078,0,0,0.310924369747899,0,0.0555,0,0,0,0,0.141184734254273,0.0526315789473684,0,0,0,0.00167117117117117,0.00900900900900901,0.0307749351130886,-1
0,0,0.0840336134453782,0,0.03,0.559006211180124,0,0.0961538461538461,0,0,0,0.0476947535771065,0.0540540540540541,0,0,0.0408163265306122,0.05859375,0.0592885375494071,0.18991899189919,0,0.3775,0,0,0.0680272108843537,0,0,0,0,0,0,0,0,0,0,0,0,0,0,0,0,0,0,0,0,0.015,0,0,0,0,0.0491688129243737,0,0,0.0635400907715582,0.032,0.00110810810810811,0.00750750750750751,0.0342973674453096,1
0,0.0294117647058824,0,0,0.042,0.260869565217391,0,0,0,0,0,0,0,0,0,0.0571428571428571,0,0.08300395256917,0.378037803780378,0,0,0,0.178723404255319,0,0,0,0,0,0,0,0,0,0,0,0,0,0,0,0,0,0,0,0,0,0.021,0,0,0,0,0.0187309763521424,0,0.115931593159316,0.048714069591528,0,0.00228528528528529,0.00975975975975976,0.0203930292918057,1
0,0,0,0,0,0,0,0,0,0,0,0,0,0,0,0,0,0,0,0,0,0,0,0,1,1,0,0,0,0,0,0,0,0,0,0,0,0,0,0,0,0,0,0,0,0,0,0,0,0,0,0,0,0,0.00870870870870871,0.012012012012012,0.00611790878754171,-1
0,0,0,0,0,0,0,1,0,0,0,0,0,0,0,0,0,0,0,0,0,0,0,0,0,0,0,0,0,0,0,0,0,0,0,0,0,0,0,0,0,0,0,0,0.052,0,0,0,0,0.0463591664715523,0,0.0356435643564356,0.0599092284417549,0,0.00428978978978979,0.018018018018018,0.0148312940304042,1
0,0,0.159663865546218,0,0,0,0,0,0,0,0,0,0,0,0,0,0,0,0.0252025202520252,0,0,0,0,0,0.0182054616384915,0.0364109232769831,0,0,0,0,0,0,0,0,0,0,0,0,0,0,0.0392156862745098,0,0,0.0168067226890756,0.014,0.0392156862745098,0,0.261682242990654,0,0.0100678997892765,0,0,0,0,0.000962462462462463,0.00525525525525526,0.0202076381164257,-1
0,0,0,0,0,0,0,0,0,0,0,0,0,0,0,0,0,0,0,0,0,0,0,0,0,0,0,0,0,0,0,0,0,0,0,0,0,0,0,0,0,0,0,0,0,0,0,0,0,0,0,0,0,0,0,0,0.000370782350760104,-1
0,0.038515406162465,0.15406162464986,0,0.11,0.341614906832298,0.302613480055021,0,0,0.134474327628362,0,0.0874403815580286,0,0,0,0,0,0.108695652173913,0.297929792979298,0,0.1375,0,0,0,0,0,0,0,0,0,0,0,0,0,0,0,0,0,0,0,0,0,0,0,0.0275,0,0,0,0,0.0386326387262936,0,0.0892889288928893,0,0.0504615384615385,0.0236966966966967,0.11036036036036,0.07137560252132,1
0,0,0.148459383753501,0,0.053,0,0.0729023383768913,0,0,0.12958435207824,0,0,0,0,0,0,0.103515625,0,0.526552655265527,0,0.39875,0,0,0,0,0,0,0,0,0,0,0,0,0,0,0,0,0,0,0,0,0,0,0,0,0,0,0,0,0.0210723483961602,0,0.064986498649865,0,0,0.00215765765765766,0.0135135135135135,0.014275120504264,1
0,0,0,0,0,0,0,0,0,0,0,0,0.52972972972973,0.52972972972973,0,0,0,0,0,0,0,0,0,0,0,0,0,0,0,0,0,0,0,0,0,0,0,0,0,0,0,0,0,0,0,0,0,0,0,0,0,0,0,0,0.000900900900900901,0.003003003003003,0.00278086763070078,-1
0,0,0,0,0,0,0,0,0,0.141809290953545,0,0,0,0,0,0,0,0,0.261026102610261,0,0,0,0,0,0.113133940182055,0.150845253576073,0.0464,0.400921658986175,0.0406162464985994,0.267281105990783,0.133640552995392,0.133640552995392,0,0.133640552995392,0.133640552995392,0.267281105990783,0.0841799709724238,0,0.0522052205220522,0.133640552995392,0,0,0.162464985994398,0,0.029,0,0,0,0,0.0887380004682744,0,0,0,0,0.00183483483483483,0.00825825825825826,0.0257693733778272,-1
0.0825,0,0,0,0,0,0,0,0.140425531914894,0,0,0,0,0,0,0,0,0,0.0297029702970297,0,0,0,0,0,0,0,0,0,0,0,0,0,0.451436388508892,0,0,0,0,0,0,0,0,0,0,0,0,0,0,0,0,0.104893467571997,0,0.0100810081008101,0,0,0.00118318318318318,0.00375375375375375,0.0170559881349648,-1
0,0,0,0,0,0.695652173913043,0,0.717948717948718,0,0,0.56,0.178060413354531,0,0,0,0,0,0,0.404140414041404,0,0,0,0.476595744680851,0,0,0,0,0,0,0,0,0,0,0,0,0,0,0,0,0,0,0,0,0,0,0,0,0,0,0,0,0.146534653465347,0,0,0.0024024024024024,0.0105105105105105,0.00704486466444197,1
0.0125,0,0,0,0,0.062111801242236,0,0,0,0.0244498777506112,0.025,0.0763116057233704,0,0,0.0216450216450216,0.0285714285714286,0.01953125,0,0.145814581458146,0.008,0.135,0,0.0893617021276596,0.0113378684807256,0.133289986996099,0.0624187256176853,0.002,0.0368663594470046,0,0.0368663594470046,0.0622119815668203,0,0,0,0.0483870967741935,0,0.0391872278664732,0,0.0144014401440144,0,0,0,0,0,0.0025,0,0,0.0934579439252336,0,0.0676656520721143,0.00917992656058752,0.0111611161116112,0.0139183055975794,0,0.00151201201201201,0.0232732732732733,0.190025954764553,-1
0,0,0,0,0,0,0,0,0,0,0,0.317965023847377,0,0,0,0,0,0,0.09000900090009,0,0.125,0,0,0,0,0,0,0,0,0,0,0,0,0,0,0,0,0,0,0,0,0,0,0,0,0,0,0,0,0.0807773355186139,0,0,0,0,0.001,0.00375375375375375,0.0100111234705228,-1
0,0,0,0,0,0,0,0,0,0.452322738386308,0,0,0,0,0,0,0,0,0.166516651665167,0,0.4625,0,0,0,0.120286085825748,0,0,0.852534562211982,0,0,0,0,0.253077975376197,0,0.426267281105991,0,0,0,0,0,0,0,0,0,0.0925,0,0,0,0,0.148911261999532,0,0.0572457245724572,0,0,0.00254504504504504,0.0105105105105105,0.0113088616981832,-1
0.225,0,0,0,0,0,0,0,0,0,0,0.14308426073132,0,0,0,0,0,0,0,0,0,0,0,0,0.05851755526658,0.11703511053316,0,0,0,0,0,0,0,0.207373271889401,0,0,0.130624092888244,0,0,0,0,0,0,0,0,0,0,0,0,0.0351205806602669,0,0,0,0,0.00334084084084084,0.0157657657657658,0.0237300704486466,-1
0,1,0,0,0,0,0,0,0,0,0,0,0,0,0,0,0,0,0,0,0,0,0,0,0,0,0,0,0,0,0,0,0,0,0,0,0,0,0,0,0,0,0,0,0,0,0,0,0,0,0,0,0,0,0.0012012012012012,0.003003003003003,0.00148312940304042,-1
0,0,0,0,0,0,0,0,0,0,0,0,0,0,0,0,0,0,0,0,0,0,0,0,0,0,0,0,0,0,0,0,0,0,0,0,0.483309143686502,0,0,0,0,0,0,0,0,0,0,0,0.0767875125881168,0.143057831889487,0,0.275247524752475,0,0,0.00675675675675676,0.0157657657657658,0.0120504263997034,1
0,0,0,0,0,0,0,0,0.387234042553191,0,0,0,0,0,0,0,0,0,0.0819081908190819,0,0.34375,0,0,0,0,0,0,0,0,0,0,0,0,0,0,0,0,0,0,0,0,0,0,0,0,0,0,0,0,0.0311402481854367,0,0.0957695769576958,0,0,0.00285285285285285,0.0202702702702703,0.0159436410826845,1
0.0675,0,0.0364145658263305,0,0.082,0,0,0,0,0,0,0.0874403815580286,0.0738738738738739,0,0,0,0,0,0.111611161116112,0,0.1375,0,0,0,0.107282184655397,0.106631989596879,0.0052,0.0299539170506912,0.00910364145658263,0.0299539170506912,0.0299539170506912,0.0299539170506912,0,0.0299539170506912,0.0299539170506912,0.0299539170506912,0.0595065312046444,0,0,0.0299539170506912,0,0.0287114845938375,0.0364145658263305,0,0.0205,0,0,0.252336448598131,0.0103222557905337,0.0238819948489815,0.0122399020807834,0.0036003600360036,0,0,0.00267267267267267,0.0247747747747748,0.067853170189099,-1
0,0,0,0,0,0,0,0,0,0,0,0,0,0,0,0,0,0,0.0909090909090909,0,0,0,0,0,0,0,0,0,0,0,0,0,0,0,0,0,0.146589259796807,0,0,0,0,0,0,0,0,0.707282913165266,0,0,0,0,0,0,0,0,0.00306756756756757,0.0105105105105105,0.0127919911012236,-1
0,0,0,0,0,0,0,0,0,0.26161369193154,0,0.170111287758347,0,0,0,0,0,0,0.0477047704770477,0,0,0,0,0,0.0695708712613784,0,0,0,0,0,0,0,0,0,0,0,0.0769230769230769,0,0,0,0,0,0.148459383753501,0,0.0265,0,0,1,0,0.0421446967923203,0,0.0162016201620162,0,0,0.00123873873873874,0.0045045045045045,0.0133481646273637,-1
0,0,0,0,0,0,0,0,0,0,0,0,0,0,0,0,0,0,0.221422142214221,0,0.15375,0,0,0,0,0,0.0492,0,0,0,0,0,0,0,0,0,0,0,0,0,0,0,0,0,0,0,0,0,0,0,0,0,0,0,9.30930930930932e-05,0.000750750750750751,0.00296625880608083,-1
0.1725,0,0,0,0.139,0,0.0949105914718019,0,0,0,0,0.109697933227345,0,0,0,0,0,0,0.314131413141314,0,0.17375,0,0,0,0,0,0,0,0,0,0,0,0,0,0,0,0,0,0,0,0,0,0,0,0,0,0,0,0,0,0,0.0352835283528353,0,0,0.00765765765765766,0.042042042042042,0.0337411939191694,1
0,0,0,0,0.322,0,0,0,0,0,0,0.511923688394277,0,0,0,0,0,0,0,0,0,0,0,0,0,0,0.1288,0,0,0,0,0,0,0,0,0,0,0,0,0,0,0.225490196078431,0,0,0.3225,0,0,0,0,0.119878248653711,0,0,0,0,0.0021021021021021,0.00750750750750751,0.00426399703374119,-1
0.0075,0,0.00840336134453781,0.00304235899836181,0.006,0.0186335403726708,0,0,0.136170212765957,0,0,0.014308426073132,0,0,0,0,0,0.00592885375494071,0.0117011701170117,0,0.01125,0,0,0,0.0910273081924577,0.187256176853056,0.0012,0,0,0,0,0,0.012311901504788,0,0,0.00691244239631336,0.184325108853411,0.0192307692307692,0,0,0,0,0,0.00360144057623049,0,0,0,0,0.0568982880161128,0.0550222430344182,0.110771113831089,0,0.0027231467473525,0,0.00263363363363363,0.0247747747747748,0.498146088246199,-1
0,0,0.11484593837535,0,0.041,0,0,0,0,0,0,0,0,0,0,0,0,0,0,0,0,0,0,0,0,0,0,0,0,0,0,0,0.0560875512995896,0,0,0,0.0595065312046444,0,0,0,0,0,0,0.024609843937575,0,0.0574229691876751,0,0,0,0,0,0,0,0,0.000783783783783784,0.00750750750750751,0.0122358175750834,-1
0,0,0.0588235294117647,0,0,0.130434782608696,0,0,0,0.0513447432762836,0.105,0.203497615262321,0,0,0,0,0.041015625,0,0.115211521152115,0,0.08,0,0,0,0,0,0,0,0,0,0,0,0,0,0,0,0.0928882438316401,0,0,0,0,0,0,0,0,0,0,0.598130841121495,0,0,0,0,0.0293494704992436,0,0.00217867867867868,0.0405405405405405,0.0470893585465332,-1
0,0,0.165266106442577,0,0,0,0,0.189102564102564,0,0,0,0.475357710651828,0,0,0,0,0,0,0.107110711071107,0,0,0,0,0,0.0773732119635891,0.0767230169050715,0,0,0,0,0.135944700460829,0,0,0,0,0,0,0,0,0,0,0,0,0,0,0,0,0,0,0.0915476469210958,0,0,0,0,0.00125525525525526,0.0045045045045045,0.0164998146088246,-1
0,0,0,0,0,0,0,0,0,0,0,0,0,0,0,0,0,0,0,0,0,0,0,0,0,0,0,0,0,0,0,0,0,0,0,0,0,0,0,0,0,0,0,0,0,0,0,0,0,0,0,0,0,0,8.25825825825825e-05,0.0015015015015015,0.00685947348906192,1
0,0,0.397759103641457,0,0.071,0,0,0.227564102564103,0,0.17359413202934,0,0,0,0,0,0,0.556640625,0.563241106719368,0.127812781278128,0,0.44625,0,0,0,0,0,0,0,0,0,0,0,0,0,0,0,0,0,0,0,0,0,0,0,0,0,0,0,0,0,0,0.167596759675968,0,0,0.0165990990990991,0.0870870870870871,0.0400444938820912,1
0,1,0,0,0,0,0,0,0,0,0,0,0,0,0,0,0,0,0,0,0,0,0,0,0,0,0,0,0,0,0,0,0,0,0,0,0,0,0,0,0,0,0,0,0,0,0,0,0,0,0,0,0,0,0.0012012012012012,0.003003003003003,0.00148312940304042,-1
0.315,0,0,0,0,0,0,0,0,0.308068459657702,0,0.200317965023847,0,0,0,0,0,0.24901185770751,0.227722772277228,0,0,0,0,0,0,0,0,0.58294930875576,0,0,0,0,0,0,0,0,0,0,0,0,0.176470588235294,0,0,0,0.063,0.354341736694678,0,0,0,0,0,0,0,0,0.00276576576576577,0.00750750750750751,0.00982573229514275,-1
0,0,0.392156862745098,0,0.046,0,0.063273727647868,0.448717948717949,0,0.112469437652812,0,0,0,0,0,0,0,0,0.252025202520252,0,0.2325,0,0,0,0,0,0,0,0,0,0,0,0,0,0,0,0,0,0,0.214285714285714,0,0,0,0,0,0,0,0,0,0.0287988761414189,0,0.0666066606660666,0,0,0.00771321321321321,0.0397897897897898,0.0578420467185762,1
0,0.0252100840336134,0,0,0,0.22360248447205,0.202200825309491,0,0,0.0880195599022005,0.18,0.116057233704293,0,0,0,0.0489795918367347,0,0.217391304347826,0.198019801980198,0,0.09125,0,0.153191489361702,0,0,0,0,0,0,0,0,0,0,0,0,0,0,0,0,0,0,0,0,0,0,0,0,0,0,0.0428471084055256,0,0.0660666066606661,0.0184568835098336,0.0750769230769231,0.0045045045045045,0.0262762762762763,0.0487578791249537,1
0,0,0,0,0,0,0,0,0.114893617021277,0,0,0.0429252782193959,0,0.245045045045045,0,0,0.052734375,0,0.0729072907290729,0,0.0675,0,0,0,0.017555266579974,0,0,0,0,0,0,0,0,0,0.0622119815668203,0,0,0,0,0,0,0.0763305322128852,0,0,0,0,0.880184331797235,0,0,0,0,0,0,0.141538461538462,0.00228378378378378,0.0225225225225225,0.0956618464961068,-1
0,0,0,0,0,0,0,0,0,0,0,0,0.473873873873874,0,0,0,0,0,0.236723672367237,0,0.21875,0,0.370212765957447,0,0,0,0,0,0,0,0,0,0,0,0,0,0,0,0,0,0,0,0,0,0,0,0,0,0.0362537764350453,0,0,0.703330333033303,0,0,0.0194114114114114,0.0518018018018018,0.0359658880237301,1
0,0,0,0,0,0,0,0,0,0,0,0.661367249602544,0,0,0,0,0,0,0,0,0,0,0,0,0,0,0,0,0,0,0,0,0,0,0,0,0,0,0,0,0,0,0,0,0.208,0.582633053221289,0,0,0,0,0,0,0,0,0,0,0.00148312940304042,-1
0,0,0.299719887955182,0,0.053,0,0,0,0,0,0,0,0,0,0,0,0,0,0.28982898289829,0.0848,0.13375,0.604197901049475,0,0,0,0,0,0,0,0,0,0,0,0,0,0,0,0,0,0,0,0,0,0,0,0,0,0,0,0,0,0.0477047704770477,0.0266263237518911,0.708307692307692,0.0151141141141141,0.0495495495495495,0.0613644790507972,1
0,0,0,0,0,0,0,0,0,0,0,0,0,0,0,0,0,0,0,0,0,0,0,0,0.240572171651495,0.481144343302991,0.148,0,0,0,0,0,0,0,0,0,0,0,0,0,0,0,0,0,0,0,0,0,0,0,0.394736842105263,0,0,0.396923076923077,0.00283483483483483,0.00525525525525526,0.0046347793845013,-1
0,0,0,0,0,0,0,0,0,0,0,0,0,0,0,0,0,0,0.428442844284428,0,0,0,0,0,0,0,0,0,0,0,0,0,0,0,0,0,0,0,0,0,0,0,0,0,0,0,0,0,0,0,0,0,0,0,0,0,0.000370782350760104,1
0.3725,0,0,0,0,0,0,0,0,0,0,0.236883942766296,0,0,0,0,0,0,0.402340234023402,0,0.18625,0,0,0,0,0.193758127438231,0,0,0,0,0,0,0,0,0,0,0,0,0,0,0,0,0,0.0894357743097239,0,0,0,0,0,0,0,0,0,0,0.0014009009009009,0.00525525525525526,0.00519095291064145,-1
0,0,0,0,0.049,0,0.134800550206327,0,0.208510638297872,0,0,0,0,0,0,0,0,0,0.132313231323132,0,0.3075,0,0.208510638297872,0,0,0,0,0,0,0,0,0,0,0,0,0,0,0,0,0,0,0,0.137254901960784,0,0,0,0,0,0,0.109107937251229,0,0,0,0,0.00206156156156156,0.00825825825825826,0.0363366703744902,1
0,0,0,0,0,0,0,0,0,0,0,0,0,0,0,0,0,0,0,0,0,0,0,0,0,0,0,0,0,0,0,0,0.317373461012312,0,0,0,0,0,0,0,0,0,0,0,0.116,0,0,0,0,0,0,0,0,0,0.0015015015015015,0.00225225225225225,0.00278086763070078,-1
0,0,0.201680672268908,0,0,0,0,0,0,0,0,0,0,0,0,0,0,0,0,0,0,0,0,0,0.046814044213264,0,0,0,0,0,0,0,0,0,0,0,0.104499274310595,0,0.0324032403240324,0,0.0504201680672269,0,0,0,0,0.0504201680672269,0,0,0,0,0,0,0,0,0.00096996996996997,0.00825825825825826,0.0196514645902855,-1
0,0,0,0,0,0,0,0,0,0,0,0.16852146263911,0,0,0,0,0,0,0.0954095409540954,0,0,0,0,0,0.2074122236671,0.137841352405722,0,0,0,0,0,0,0,0,0,0,0.153846153846154,0,0.190819081908191,0,0,0,0,0,0,0,0,0,0,0.039335050339499,0,0.0302430243024302,0,0,0.00112612612612613,0.0045045045045045,0.0114942528735632,-1
0,0.0133053221288515,0.159663865546218,0,0.009,0.173913043478261,0.0123796423658872,0.0288461538461538,0.161702127659574,0.0464547677261614,0,0.0906200317965024,0.102702702702703,0,0,0.0258503401360544,0,0,0.180918091809181,0,0.17875,0,0,0.0430839002267574,0,0,0,0,0,0,0,0,0,0,0,0,0,0,0,0,0,0,0,0,0,0,0,0,0.00881168177240685,0.0538515570124093,0,0.0158415841584158,0.0375189107413011,0,0.00210960960960961,0.0367867867867868,0.0680385613644791,1
0,0,0,0,0,0,0,0,0,0,0,0,0,0,0,0,0,0,0,0,0,0,0,0,0.604681404421326,0,0,0,0,0,0,0,0,0,0,0,0,0,0,0,0,0,0,0,0,0,0,0,0,0,0,0,0,0,0.00333633633633634,0.00600600600600601,0.00519095291064145,-1
0,0.333333333333333,0,0,0,0,0,0,0,0.290953545232274,0,0,0,0,0,0,0,0.470355731225296,0,0,0,0,0,0,0,0,0,0,0,0,0,0,0,0,0,0,0,0,0,0,0,0,0,0,0,0,0,0,0,0,0,0,0,0,0.00634384384384384,0.0277777777777778,0.0298479792361884,1
0,0,0,0,0,0,0,0,0,0,0,0.114467408585056,0,0,0,0,0,0,0.130513051305131,0,0.2725,0,0,0,0.0942782834850455,0.093628088426528,0.058,0.165898617511521,0.0504201680672269,0.165898617511521,0.165898617511521,0.165898617511521,0,0.165898617511521,0.165898617511521,0.165898617511521,0.104499274310595,0,0.0648064806480648,0.165898617511521,0,0,0.201680672268908,0,0.036,0,0,0,0,0.0859283540154531,0,0,0,0,0.00134684684684685,0.00825825825825826,0.0135335558027438,-1
0,0,0,0,0.476,0,0,0,0,0,0,0,0,0,0,0,0,0,0,0,0,0,0,0,0,0,0,0,0.333333333333333,0,0,0,0,0,0,0,0,0,0,0,0,0.333333333333333,0,0,0,0,0,0,0,0,0,0,0,0,0,0,0.00092695587690026,-1
0,0,0,0,0.032,0,0,0,0,0,0,0.0508744038155803,0,0,0,0,0,0.0632411067193676,0.0576057605760576,0,0.04,0,0,0,0.0832249674902471,0.166449934980494,0.0256,0.0737327188940092,0.0224089635854342,0.0737327188940092,0.0737327188940092,0.0737327188940092,0.0875512995896033,0.0737327188940092,0.0737327188940092,0.0737327188940092,0.13933236574746,0,0.0288028802880288,0.0737327188940092,0,0,0.179271708683473,0.0192076830732293,0.016,0.0896358543417367,0,0,0,0.0220088972137673,0.0287637698898409,0.0169216921692169,0,0,0.00137987987987988,0.00900900900900901,0.0307749351130886,-1
0,0,0,0,0,0,0,0,0,0,0.19,0.0302066772655008,0,0,0,0,0,0,0.11971197119712,0,0.0475,0,0,0,0.0123537061118336,0,0,0,0,0,0,0,0,0,0,0,0,0,0,0.043778801843318,0,0,0,0,0,0,0,0,0,0.036057129477874,0,0.0054005400540054,0,0.0184615384615385,0.00278078078078078,0.00825825825825826,0.0717463848720801,-1
0,0.0210084033613445,0.210084033613445,0,0.03,0,0.0206327372764787,0,0,0.110024449877751,0.075,0,0.027027027027027,0,0.0649350649350649,0.0204081632653061,0,0.148221343873518,0.0135013501350135,0.024,0.075,0,0,0,0,0,0,0.0345622119815668,0,0,0,0,0.0205198358413133,0,0,0,0,0,0,0,0,0,0,0,0,0,0,0,0,0.00468274408803559,0,0.0633663366336634,0.00605143721633888,0.0252307692307692,0.00741441441441441,0.111111111111111,0.195773081201335,1
0.0025,0.00210084033613445,0.0560224089635854,0,0.009,0.0186335403726708,0,0,0.0212765957446809,0.0122249388753056,0,0.0747217806041335,0.00540540540540541,0.0306306306306306,0,0.0122448979591837,0.03515625,0.0256916996047431,0.0315031503150315,0.0048,0.01875,0,0,0.00680272108843537,0,0,0.002,0.00691244239631336,0.000700280112044818,0,0,0,0.20109439124487,0,0,0.0253456221198157,0.130624092888244,0,0,0.00691244239631336,0,0.00490196078431373,0,0.0078031212484994,0.0025,0.0252100840336134,0,0.14018691588785,0.00956696878147029,0.061578084757668,0.00305997552019584,0.00288028802880288,0,0.00307692307692308,0.00184684684684685,0.0758258258258258,0.587133852428624,-1
0,0.0252100840336134,0,0,0.036,0,0,0,0,0.0880195599022005,0,0.0572337042925278,0,0,0,0,0,0,0.0972097209720972,0,0,0.541229385307346,0,0,0,0,0,0,0,0,0,0,0,0,0,0,0,0,0,0,0,0,0,0,0,0,0,0,1,0,0,0.0113411341134113,0,0.310153846153846,0.00814264264264264,0.0315315315315315,0.0617352614015573,-1
0,0,0,0,0,0,0,0,0,0,0,0,0,0,0,0,0,0,0,0,0,0,0,0,0.270481144343303,0.540962288686606,0,0,0,0,0,0,0,0,0,0,0,0,0,0,0,0,0,0,0,0,0,0,0,0,0,0,0,0,0.00107207207207207,0.00375375375375375,0.00426399703374119,-1
0,0,0,0,0.185,0,0,0,0,0,0,0,0,0,0,0,0,0,0.166516651665167,0,0,0,0,0,0.120286085825748,0.481144343302991,0,0.852534562211982,0,0,0,0,0,0,0.852534562211982,0,0,0,0,0,0,0,0,0,0,0,0,0,0,0.127370639194568,1,0,0,0,0.00203003003003003,0.00750750750750751,0.00723025583982202,-1
0,0.0441176470588235,0,0,0.159,0.192546583850932,0,0,0.131914893617021,0,0,0.100158982511924,0,0,0.54978354978355,0.0857142857142857,0.060546875,0.628458498023715,0.1998199819982,0,0.23875,0,0.131914893617021,0.142857142857143,0,0,0,0.0714285714285714,0,0,0,0,0,0,0,0,0,0,0,0.366359447004608,0,0,0,0,0,0,0,0,0,0.0650901428236947,0,0.0099009900990099,0.151588502269289,0,0.00376726726726727,0.0675675675675676,0.0342973674453096,1
0,0,0,1,0,0,0.0577716643741403,0,0,0.102689486552567,0,0.0667726550079491,0,0,0.181818181818182,0,0,0.25296442687747,0.269126912691269,0,0.26625,0,0.54468085106383,0,0,0,0,0,0,0,0,0,0,0,0,0,0.0609579100145138,0,0,0,0,0,0,0,0,0,0,0,0,0,0,0,0.105597579425113,0,0.00900900900900901,0.0780780780780781,0.0815721171672228,1
0,0,0,0,0,0,0,0,0,0,0,0,0,0,0,0,0,0,0,0,0,0,0,0,0,0,0.8,0,0,0,0,0,0,0,0,0,0,0,0,0,0,0,0,0,0,0,0,0,0,0,0,0,0,0,0,0,0.000741564701520208,-1
0,0,0,0,0,0,0,0,0,0,0,0,0,0,0,0,0,0,0,0,0,0,0,0,0.837451235370611,0,0,0,0,0.0645161290322581,0,0,0.0383036935704514,0,0,0,0.0203193033381713,0,0.0252025202520252,0,0,0,0,0,0,0,0,0,0,0,0,0.00666066606660666,0,0,0.0171621621621622,0.0217717717717718,0.380051909529106,-1
0,0,0,0,0,0,0,0,0,0,0,0.255961844197138,0,0,0,0,0,0,0.0477047704770477,0,0,0,0,0,0.104681404421326,0.0689206762028609,0,0,0.0371148459383754,0,0,0,0,0,0,0.122119815668203,0,0,0,0,0,0.0371148459383754,0,0.0642256902761104,0,0,0,0.495327102803738,0,0,0,0,0,0,0.000563063063063063,0.003003003003003,0.0181683351872451,-1
0.165,0,0,0,0,0,0,0,0.280851063829787,0.161369193154034,0,0.317965023847377,0,0,0,0,0,0,0.18001800180018,0,0.16625,0,0,0,0.0429128738621586,0.0858257477243173,0,0.306451612903226,0,0,0,0,0,0,0,0,0,0,0.0594059405940594,0,0,0,0,0,0,0,0,0,0,0.0819480215406228,0,0,0,0,0.0022957957957958,0.00750750750750751,0.0157582499073044,-1
0.1175,0,0.263305322128852,0,0.094,0,0.1292984869326,0,0,0,0,0.0747217806041335,0,0,0,0,0.091796875,0,0.381638163816382,0,0.1175,0,0.6,0,0,0,0,0,0,0,0,0,0,0,0.108294930875576,0,0,0,0,0,0,0,0,0,0.0235,0,0,0,0,0.0170920159213299,0,0.225742574257426,0.0668683812405446,0,0.00738438438438438,0.0675675675675676,0.0404152762328513,1
0.19,0,0.212885154061625,0,0,0.236024844720497,0,0,0,0,0,0.182829888712242,0.0684684684684685,0,0,0,0,0,0.207020702070207,0,0,0,0,0,0,0,0,0,0,0,0,0,0,0,0,0,0,0,0.0342034203420342,0,0.376750700280112,0,0,0,0.019,0.0532212885154062,0,0,0,0.0421446967923203,0,0.0972097209720972,0,0,0.00192942942942943,0.0105105105105105,0.0265109380793474,-1
0,0,0,0,0,0,0,0,0,0,0,0,0,0,0,0,0,0,0.14041404140414,0,0,0,0,0,0,0,0,0,0,0,0,0,0,0,0,0,0,0,0,0,0,0,0,0,0,0,0,0,0,0,0,0,0,0,0.00727627627627628,0.012012012012012,0.0139043381535039,-1
0,0,0,0,0,0,0,0,0,0,0,0,0,0,0,0,0,0,0,0,0,0,0,0,0,0,0,0,0,0,0,0,0,0,0,0,0,0,0,0,0,0,0,0,0.2775,0,0,0,0,0,0,0,0,0,0.00107207207207207,0.00375375375375375,0.00203930292918057,-1
0,0,0.246498599439776,0,0,0,0,0,0.374468085106383,0,0,0,0,0,0,0,0,0,0,0,0,0,0,0,0,0,0,0,0,0,0,0,0,0,0,0,0,0,0,0,0,0,0,0,0,0,0,0,0,0.0737532193865605,0,0,0,0,0.000249249249249249,0.0015015015015015,0.00370782350760104,-1
0.015,0,0.198879551820728,0,0.123,0.118012422360248,0.0261348005502063,0.0384615384615385,0.272340425531915,0.0611246943765281,0.19,0.0715421303656598,0.0216216216216216,0,0.757575757575758,0.00816326530612245,0.01171875,0.203557312252964,0.122412241224122,0.0512,0.06375,0,0.493617021276596,0.0136054421768707,0,0,0,0,0,0,0,0,0,0,0,0,0,0,0,0.0138248847926267,0,0,0.0336134453781513,0,0.003,0.00840336134453781,0,0,0.00251762336354481,0.0334816202294545,0,0.0496849684968497,0.0556732223903177,0.00615384615384615,0.0132447447447447,0.363363363363363,0.418613274008157,1
0,0,0,0,0.092,0,0,0,0,0,0,0.146263910969793,0,0,0,0,0,0,0.0828082808280828,0,0.115,0,0,0,0,0,0,0,0,0,0,0,0,0,0,0,0,0,0,0,0,0,0,0,0,0,0,0,0,0,0,0,0,0,0.000750750750750751,0.0045045045045045,0.00593251761216166,-1
0,0,0,0,0,0.273291925465838,0,0,0,0,0,0,0,0,0,0.0598639455782313,0,0.0869565217391304,0.0396039603960396,0,0.055,0,0,0,0,0,0,0,0,0,0,0,0,0,0,0,0.0638606676342525,0,0,0,0,0,0,0,0.022,0.061624649859944,0,0,0,0.0409740107703114,0.0354957160342717,0,0,0.0356923076923077,0.0112282282282282,0.0908408408408408,0.0721171672228402,-1
0.075,0,0.170868347338936,0,0,0,0,0,0,0.224938875305623,0.15,0.146263910969793,0.0540540540540541,0.0540540540540541,0,0.292517006802721,0.119140625,0,0.497749774977498,0,0.15375,0,0,0.0680272108843537,0,0,0,0,0,0,0,0,0,0.0691244239631336,0,0,0,0,0,0,0,0,0,0,0.015,0,0,0,0,0.0234137204401779,0,0.18955895589559,0.106202723146747,0.153846153846154,0.00433033033033033,0.0487987987987988,0.0559881349647757,1
0,0,0,0,0.012,0,0,0,0,0,0,0.14308426073132,0,0,0,0.0163265306122449,0,0.0237154150197628,0.0108010801080108,0,0.015,0,0,0,0,0,0,0.0576036866359447,0.00840336134453781,0.0276497695852535,0,0,0,0,0,0.147465437788018,0,0.0769230769230769,0,0,0,0.0266106442577031,0,0,0,0.0532212885154062,0,0,0,0.0915476469210958,0,0,0,0,0.00212762762762763,0.03003003003003,0.0889877641824249,1
0.0375,0,0.341736694677871,0,0.045,0,0.0206327372764787,0,0.259574468085106,0.149144254278729,0,0.120826709062003,0.0540540540540541,0,0.12987012987013,0.0829931972789116,0.119140625,0,0.164716471647165,0.072,0.34375,0,0,0.0680272108843537,0,0,0,0,0,0,0,0,0,0,0,0,0,0,0,0,0,0,0,0,0,0,0,0,0,0.0262233668929993,0,0.125652565256526,0.0202723146747352,0,0.00615765765765766,0.0465465465465465,0.148312940304042,1
0,0,0,0,0,0,0,0,0,0,0,0,0,0,0,0,0,0,0,0,0,0,0,0.19047619047619,0.0825747724317295,0.0546163849154746,0,0,0,0,0,0,0,0,0,0,0,0,0,0,0,0,0,0,0.042,0,0,0,0.0818227593152065,0.18286115663779,0,0,0,0,0.00564264264264264,0.00975975975975976,0.0509825732295143,-1
0,0,0,0,0,0,0,0.400641025641026,0,0.100244498777506,0,0,0,0,0,0.0557823129251701,0,0.3300395256917,0.0369036903690369,0,0.05125,0,0,0,0,0,0,0,0,0,0,0,0,0,0,0.0944700460829493,0,0,0,0,0,0,0,0,0,0,0,0,0,0.0292671505502224,0,0.0561656165616562,0.0187594553706505,0,0.000716216216216216,0.00525525525525526,0.0118650352243233,1
0,0,0,0,0,0,0,0,0,0,0,0.144674085850556,0,0,0,0,0.177734375,0,0.247524752475248,0,0,0,0,0,0.118985695708713,0,0,0,0,0,0,0,0,0,0,0,0.132075471698113,0,0,0,0,0.0637254901960784,0,0,0,0,0,0,0.0757804632426989,0,0,0.0541854185418542,0,0,0.00141441441441441,0.00525525525525526,0.0124212087504635,-1
0.085,0.0182072829131653,0.0728291316526611,0,0.008,0.267080745341615,0.0110041265474553,0.0833333333333333,0.0340425531914894,0.359413202933985,0.17,0.082670906200318,0.171171171171171,0,0.0735930735930736,0.0108843537414966,0,0,0.272727272727273,0,0.0975,0,0.14468085106383,0.0770975056689342,0,0,0,0,0,0,0,0,0,0,0,0,0,0,0,0,0,0,0,0,0.0085,0,0,0,0,0.0112385858112854,0,0.0466246624662466,0.0783661119515885,0.0393846153846154,0.00350600600600601,0.0457957957957958,0.0993696700037078,1
0,0,0,0,0,0,0,0,0,0,0,0,0,0,0,0,0,0,0.063006300630063,0,0,0,0,0,0,0,0,0,0,0,0,0,0,0,0,0,0,0,0,0,0,0,0,0,0,0,0,0,0,0.0447202060407399,0,0,0.0287443267776097,0.0584615384615385,0.00103303303303303,0.00750750750750751,0.0189098998887653,-1
0,0,0,0,0,0,0,0,0,0,0,0,0,0,0,0,0,0,0.153015301530153,0,0.10625,0,0,0,0.0552665799739922,0,0,0,0,0,0,0,0.116279069767442,0,0,0,0,0,0,0,0,0.0595238095238095,0,0.0510204081632653,0,0,0,0,0,0,0.0844553243574052,0,0,0,0.000342342342342342,0.00225225225225225,0.00778642936596218,-1
0.02,0.00560224089635854,0.212885154061625,0,0.085,0.633540372670807,0.0343878954607978,0.0544871794871795,0.251063829787234,0.019559902200489,0.085,0.0937996820349761,0.0306306306306306,0,0.956709956709957,0.0340136054421769,0.015625,0.183794466403162,0.144914491449145,0.0272,0.0525,0,0.361702127659574,0.018140589569161,0,0,0,0,0,0,0,0,0,0,0,0,0,0,0,0.0184331797235023,0,0,0.0476190476190476,0.00480192076830732,0.004,0.0112044817927171,0,0,0,0.0147506438773121,0,0.0709270927092709,0.0344931921331316,0.00738461538461538,0.00973573573573574,0.501501501501502,0.260659992584353,1
0.09,0,0.411764705882353,0,0.036,0,0,0,0.153191489361702,0,0.18,0.527821939586645,0,0,0,0,0,0,0.099009900990099,0,0.045,0,0,0,0.023407022106632,0.046814044213264,0,0,0,0,0,0,0,0,0,0,0.159651669085631,0,0,0,0,0.07703081232493,0,0,0,0,0,0,0,0.0119409974244908,0,0,0,0,0.00194144144144144,0.033033033033033,0.0317018909899889,-1
0,0,0,0,0.294,0,0,0,0,0,0,0,0,0,0,0.4,0,0,0,0,0,0,0,0,0,0,0,0,0,0,0,0,0,0,0,0,0,0,0,0,0,0,0,0,0,0,0,0,0.109768378650554,0.102083821119176,0,0.157155715571557,0,0,0.00471771771771772,0.00825825825825826,0.00519095291064145,1
0,0,0,0,0,0.490683229813665,0,0,0,0,0,0,0,0,0,0.107482993197279,0,0,0.142214221422142,0,0,0,0.336170212765957,0,0,0,0,0,0,0,0,0,0,0,0,0,0.114658925979681,0,0,0,0,0,0,0,0,0,0,0,0.0289526686807654,0.0540856942168111,0.212362301101591,0.0831683168316832,0,0,0.0071966966966967,0.0157657657657658,0.0309603262884687,1
0,0,0,0,0,0,0,0,0,0,0,0.117647058823529,0,0,0,0,0,0.146245059288538,0.134113411341134,0,0,0,0,0,0.290637191157347,0.28998699609883,0,0.170506912442396,0,0.170506912442396,0.170506912442396,0,0,0,0.170506912442396,0.170506912442396,0,0,0,0,0,0,0,0,0,0,0,0,0,0.0238819948489815,0.12484700122399,0.0183618361836184,0,0.125538461538462,0.00168318318318318,0.00675675675675676,0.0159436410826845,-1
0,0,0,0,0,0,0,0,0,0,0,0.0715421303656598,0,0,0,0,0,0,0,0,0,0,0,0,0.117685305591678,0.05851755526658,0,0,0,0.207373271889401,0,0,0,0,0,0.1036866359447,0,0,0,0,0,0,0,0,0.0225,0,0,0,0,0,0,0,0,0,0.000666666666666667,0.003003003003003,0.0190952910641453,-1
0.1075,0.0182072829131653,0.120448179271709,0,0.078,0.161490683229814,0,0.0544871794871795,0.14468085106383,1,0.04,0.1939586645469,0.0774774774774775,0,0.337662337662338,0.153741496598639,0.05078125,0.377470355731225,0.211521152115212,0,0.29375,0,0.0340425531914894,0.0975056689342404,0,0,0,0,0,0,0,0,0,0,0,0.0184331797235023,0,0,0,0.0184331797235023,0,0,0,0,0,0,0,0,0.014098690835851,0.0564270662608288,0.025703794369645,0.127632763276328,0.0169440242057489,0,0.00498348348348348,0.0938438438438438,0.208008898776418,1
0,0.0294117647058824,0.117647058823529,0,0.127,0,0.0577716643741403,0,0,0.310513447432763,0,0,0,0,0,0.172789115646259,0,0,0.153015301530153,0.0672,0.15875,0,0,0.0952380952380952,0,0,0,0,0,0,0,0,0,0,0,0,0.184325108853411,0,0,0.0967741935483871,0,0,0,0,0,0,0,0,0,0.0147506438773121,0,0.102970297029703,0.0190620272314675,0,0.0069954954954955,0.0405405405405405,0.0459770114942529,1
0,0,0,0,0,0,0,0,0,0,0,0.756756756756757,0,0,0,0,0,0,0,0,0,0,0,0,0,0,0,0,0,0,0,0,0,0,0,0,0,0,0,0,0,0,0,0,0,0,0,0,0,0,0,0.138433843384338,0,0,0.000642642642642643,0.00225225225225225,0.00166852057842047,-1
0,0,0,0,0,0,0,0,0,0,0,0,0,0,0,0,0,0,0.272727272727273,0,0,0,0,0,0,0,0.1212,0,0,0,0,0,0,0,0,0,0,0,0,0,0,0,0,0,0.1515,0,0,0,0,0,0,0,0,0,0.000408408408408408,0.00225225225225225,0.00241008527994067,-1
0.2175,0.0119047619047619,0.145658263305322,0,0,0.198757763975155,0,0.0128205128205128,0.123404255319149,0.102689486552567,0.195,0.217806041335453,0.156756756756757,0.304504504504505,0,0.0435374149659864,0.10546875,0.0434782608695652,0.312331233123312,0.0464,0.165,0,0.14468085106383,0.19047619047619,0,0,0,0,0,0,0,0,0,0,0,0,0,0,0,0,0,0,0,0.00120048019207683,0.0035,0,0.0184331797235023,0,0.0040281973816717,0.0135799578553032,0,0.114851485148515,0.0499243570347958,0.112,0.00404954954954955,0.0870870870870871,0.648312940304042,1
0,0,0,0,0,0,0,0,0,0,0,0.779014308426073,0,0,0,0,0,0,0,0,0,0,0,0,0,0,0,0,0,0,0,0,0,0,0,0,0,0,0,0,0,0,0,0,0,0,0,0,0,0,0,0,0,0,0.00218318318318318,0.003003003003003,0.00482017055988135,-1
0,0.109943977591036,0.330532212885154,0,0,0,0,0,0,0.577017114914425,0,0.124006359300477,0,0,0,0,0,0,0.0351035103510351,0,0,0.471514242878561,0,0,0,0,0,0,0,0,0,0,0,0,0,0,0,0,0,0,0,0,0,0,0,0,0,0,0.289778449144008,0.0475298524935612,0,0.0487848784878488,0,0.0412307692307692,0.00704054054054054,0.0217717717717718,0.0609936967000371,-1
0,0,0,0,0,0,0,0,0,0,0,0.537360890302067,0,0,0,0,0.330078125,0,0,0,0,0,0,0,0,0,0,0,0,0,0,0,0,0,0,0,0,0,0,0,0,0,0,0,0,0,0,0,0,0.047763989697963,0,0.0734473447344735,0,0,0.00778828828828829,0.0345345345345345,0.0181683351872451,-1
0,0,0,0,0,0,0,0,0,0,0,0,0,0,0,0,0,0,0.169216921692169,0,0.05875,0,0,0,0.184005201560468,0.305591677503251,0.0752,0.54147465437788,0.0987394957983193,0.324884792626728,0.108294930875576,0.108294930875576,0,0.108294930875576,0.324884792626728,0.108294930875576,0.0682148040638607,0,0,0.108294930875576,0,0,0.131652661064426,0,0.0705,0,0,0,0,0.0337157574338562,0.0440636474908201,0.012961296129613,0,0,0.0015015015015015,0.00900900900900901,0.0309603262884687,-1
0,0,0,0,0,0,0,0,0,0,0,0,0,0,0,0,0,0,0.0855085508550855,0,0,0,0,0,0.0617685305591677,0,0,0,0,0,0,0,0.129958960328317,0,0,0,0,0,0,0,0,0,0,0.114045618247299,0,0,0,0,0.0662134944612286,0.0922500585343011,0,0,0,0,0.00171471471471471,0.003003003003003,0.00815721171672228,-1
0,0,0,0,0,0,0,0,0,0,0,0,0,0,0,0,0,0,0.0882088208820882,0,0.245,0,0,0,0,0,0,0,0,0,0,0,0.13406292749658,0,0,0,0,0,0,0,0,0,0,0.117647058823529,0,0.137254901960784,0,0,0,0,0,0,0,0,0.0015015015015015,0.00900900900900901,0.00760103819058213,-1
0,0,0,0,0.087,0,0.119669876203576,0,0,0,0,0,0,0,0,0.357823129251701,0,0.171936758893281,0.236723672367237,0,0,0,0,0,0,0,0,0,0,0,0,0,0,0,0,0,0,0,0,0,0,0,0,0,0,0,0,0,0,0,0,0.143654365436544,0.0481089258698941,0,0.0262072072072072,0.101351351351351,0.0374490174267705,-1
0,0,0.100840336134454,0,0.073,0,0,0,0,0.178484107579462,0,0.0572337042925278,0,0,0,0,0,0,0.0657065706570657,0,0,0,0,0,0,0,0,0.0829493087557604,0,0,0,0,0,0,0,0,0,0,0,0,0,0,0,0,0,0.0504201680672269,0,0,0,0,0,0,0,0,0.0016966966966967,0.00825825825825826,0.0420837968112718,1
0,0,0.184873949579832,0,0,0,0,0,0,0,0,0,0,0,0,0,0,0,0.0594059405940594,0,0,0,0,0,0.130039011703511,0.345903771131339,0,0.152073732718894,0,0,0,0,0,0,0.152073732718894,0,0.193033381712627,0,0.0594059405940594,0,0,0,0.184873949579832,0,0,0,0,0,0,0.0243502692577851,0.127906976744186,0.0187218721872187,0,0,0.00172972972972973,0.012012012012012,0.0233592880978865,-1
0,0,0.0168067226890756,0,0,0,0,0.0192307692307692,0.0553191489361702,0.0317848410757946,0.065,0.26550079491256,0.0468468468468468,0.0594594594594595,0,0.017687074829932,0.025390625,0,0,0.0096,0.0075,0,0,0,0.165149544863459,0.0169050715214564,0,0,0.0140056022408964,0.0599078341013825,0.0299539170506912,0,0,0,0.0138248847926267,0.0460829493087558,0.0188679245283019,0.0384615384615385,0,0.0138248847926267,0,0,0,0,0,0,0,0,0.00704934541792548,0.0306719737766331,0,0,0,0,0.001496996996997,0.0142642642642643,0.145717463848721,-1
0.0475,0.0133053221288515,0.0532212885154062,0,0.108,0.118012422360248,0.0261348005502063,0.314102564102564,0.378723404255319,0.144254278728606,0.045,0.171701112877583,0.0342342342342342,0.16036036036036,0.038961038961039,0,0,0.233201581027668,0.346534653465347,0.0944,0.2225,0,0.0382978723404255,0.0657596371882086,0,0,0,0,0,0,0,0,0,0,0.0207373271889401,0,0,0,0.0081008100810081,0.0207373271889401,0,0,0,0,0,0,0,0,0,0,0.116279069767442,0.0741674167416742,0.0671709531013616,0.00923076923076923,0.0047972972972973,0.036036036036036,0.150723025583982,1
0,0.0469187675070028,0.092436974789916,0,0.033,0.204968944099379,0.0453920220082531,0.105769230769231,0,0,0.335,0.158982511923688,0,0,0,0.136054421768707,0.064453125,0.0652173913043478,0.241224122412241,0.4288,0.3775,0,0,0.151927437641723,0,0,0,0,0,0,0,0,0,0,0,0,0,0,0,0,0,0,0,0,0,0,0,0,0,0.0124092718332943,0,0.0288028802880288,0,0.0658461538461538,0.00767417417417417,0.103603603603604,0.0507971820541342,1
0,0,0,0,0,0,0,0,0,0,0,0,0,0,0,0,0,0,0,0,0,0,0,0,0,0,0,0,0,0,0,0,0,0,0,0.26036866359447,0,0,0,0,0,0,0,0,0,0.158263305322129,0,0,0,0.031842659798642,0,0,0,0.251692307692308,0.00125675675675676,0.00825825825825826,0.0124212087504635,-1
0.025,0,0.0280112044817927,0,0.04,0.062111801242236,0.0137551581843191,0,0.0851063829787234,0.0488997555012225,0.2,0.0794912559618442,0,0.108108108108108,0,0.123809523809524,0.0390625,0,0.154815481548155,0.6816,0.215,0,0.170212765957447,0.0453514739229025,0,0,0,0,0,0,0,0,0,0,0,0,0,0,0,0,0,0,0,0,0,0,0,0,0,0.0224771716225708,0,0.0604860486048605,0.048411497730711,0,0.00864564564564564,0.37012012012012,0.264182424916574,1
0,0,0.0504201680672269,0,0.055,0.229813664596273,0.0247592847317744,0.0576923076923077,0,0.0440097799511002,0,0.0286168521462639,0,0,0,0,0,0,0.0666066606660666,0,0.04625,0,0.0765957446808511,0,0,0,0,0,0,0,0,0,0.0752393980848153,0,0,0.170506912442396,0,0,0,0,0,0,0,0,0,0,0,0,0,0.0189651135565441,0,0,0.00816944024205749,1,0.00199099099099099,0.00750750750750751,0.0671116054875788,1
0.1475,0.00630252100840336,0.0252100840336134,0,0.029,0.0559006211180124,0,0.189102564102564,0.251063829787234,0.511002444987775,0.145,0.014308426073132,0.0522522522522523,0,0.168831168831169,0.0122448979591837,0.154296875,0.0770750988142293,0.287128712871287,0.0144,0.21125,0,0.591489361702128,0.224489795918367,0,0,0,0,0,0,0,0,0,0,0,0.0207373271889401,0,0,0.0081008100810081,0,0,0,0,0,0.0095,0,0,0,0.0110775427995972,0.0182627019433388,0,0.0601260126012601,0.0402420574886536,0.00676923076923077,0.0217612612612613,0.878378378378378,0.470893585465332,1
0.025,0.0140056022408964,0.282913165266106,0,0.08,0.496894409937888,0.0687757909215956,0,0.340425531914894,0.0244498777506112,0.15,0.111287758346582,0.0540540540540541,0,0.696969696969697,0.0136054421768707,0,0.219367588932806,0.117911791179118,0.032,0.0875,0,0.25531914893617,0.0226757369614512,0,0,0,0,0,0,0,0,0,0,0,0,0,0,0,0,0,0,0.0560224089635854,0,0.005,0.0140056022408964,0,0,0,0.0257550924841957,0,0.0878487848784879,0.0475037821482602,0.00923076923076923,0.0113363363363363,0.501501501501502,0.25027808676307,1
0,0,0.0644257703081233,0,0.023,0,0,0,0.0978723404255319,0,0,0,0,0.257657657657658,0,0,0.044921875,0,0.0207020702070207,0,0.2675,0,0,0,0.0149544863459038,0,0,0,0,0,0,0,0,0,0,0,0.0333817126269957,0,0,0,0,0.133053221288515,0,0,0,0,0,0,0.0294561933534743,0.0550222430344182,0,0.0210621062106211,0,0.100923076923077,0.00242642642642643,0.119369369369369,0.126436781609195,-1
0,0.038515406162465,0.15406162464986,0,0.223,0,0.0756533700137552,0,0,0,0,0.0874403815580286,0.0990990990990991,0,0,0.0748299319727891,0.544921875,0,0.351935193519352,0,0.20875,0,0,0,0,0,0,0,0,0,0,0,0,0,0,0,0,0,0,0,0,0,0,0,0,0,0,0,0,0.0606415359400609,0,0.217461746174617,0.104387291981846,0,0.00564714714714715,0.104354354354354,0.0368928439006303,1
0,0.0756302521008403,0,0,0,0,0,0,0,0,0,0.171701112877583,0,0,0,0,0,0,0,0,0,0,0,0,0,0,0,0,0,0,0,0,0,0,0,0,0,0,0,0,0,0,0,0,0,0,0,0,0,0.0423788339967221,0,0,0,0,0.000918918918918919,0.00750750750750751,0.00908416759362254,-1
0,0.00700280112044818,0,0,0.01,0.130434782608696,0,0.0320512820512821,0,0,0,0.189189189189189,0,0,0,0,0,0,0.009000900090009,0,0,0,0,0,0.0565669700910273,0,0,0,0,0.0230414746543779,0,0,0.0136798905608755,0,0,0.0990783410138249,0,0,0,0,0,0,0,0.00600240096038415,0,0,0,0,0,0.0110044486068836,0,0,0.00937972768532526,0,0.00119069069069069,0.00825825825825826,0.0723025583982203,-1
0,0,0,0,0,0,0,0,0,0,0,0,0,0,0,0,0,0,0,0,0,0,0,0,0,0,1,0,0,0,0,0,0,0,0,0,0,0,0,0,0,0,0,0,0,0,0,0,0,0,0,0,0,0,0.000375375375375375,0.000750750750750751,0.000741564701520208,-1
0.085,0.0175070028011204,0.0700280112044818,0,0.008,0.267080745341615,0.0110041265474553,0.0801282051282051,0.0340425531914894,0.359413202933985,0.17,0.0810810810810811,0.171171171171171,0,0.0735930735930736,0.0108843537414966,0,0,0.272727272727273,0,0.09625,0,0.14468085106383,0.0770975056689342,0,0,0,0,0,0,0,0,0,0,0,0,0,0,0,0,0,0,0,0,0.0085,0,0,0,0,0.0114727230156872,0,0.0473447344734474,0.0795763993948563,0.04,0.00311711711711712,0.0457957957957958,0.0973303670745272,1
0,0,0,0,0.063,0,0.0426409903713893,0.201923076923077,0.131914893617021,0.154034229828851,0.155,0.0492845786963434,0.0558558558558559,0,0,0.0421768707482993,0,0,0.286228622862286,0,0.03875,0,0,0,0,0,0,0,0,0,0,0,0,0,0,0,0,0,0,0,0,0,0,0,0,0,0,0,0,0.0320767970030438,0,0.0246624662466247,0,0,0.00380930930930931,0.0292792792792793,0.0352243233222099,1
0,0,0,0,0,0,0,0,0,0,0,0,0,0,0,0,0,0,0,0,0,0,0,0,0,0,0,0,0,0,0,0,1,0,0,0,0,0,0.877587758775878,0,0,0,0,0,0,0,0,0,0,0,0,0,0,0,0.00281531531531532,0.00825825825825826,0.00834260289210234,-1
0.17,0,0,0,0,0,0,0,0,0,0,0.108108108108108,0,0,0,0.0925170068027211,0,0,0.492349234923492,0,0,0,0,0,0.0442132639791938,0,0.0272,0,0,0,0,0,0,0,0,0.15668202764977,0,0,0,0,0,0,0,0,0.034,0,0,0,0,0.0323109342074456,0,0,0,0,0.00015015015015015,0.0015015015015015,0.00389321468298109,-1
0,0,0.0280112044817927,0,0.02,0.062111801242236,0,0,0,0,0,0.324324324324324,0.036036036036036,0.018018018018018,0,0,0.158203125,0,0,0,0,0,0.0851063829787234,0,0.178803641092328,0,0,0,0,0,0,0,0,0,0,0.0691244239631336,0.0435413642960813,0,0,0,0,0,0,0,0,0,0,0,0.00755287009063444,0.0213064856005619,0,0,0,0,0.00174324324324324,0.0195195195195195,0.10641453466815,-1
0,0,0,0,0,0,0,0,0,0.872860635696821,0,0.282988871224165,0,0,0,0,0,0,0.16021602160216,0,0,0,0,0,0,0,0,0,0,0,0,0,0,0,0,0,0,0,0,0,0,0,0,0,0,0,0,0,0.0634441087613293,0,0,0.136273627362736,0,0,0.00474024024024024,0.00900900900900901,0.014460511679644,1
0,0,0,0,0.129,0.267080745341615,0.0591471801925722,0,0,0,0,0,0.0774774774774775,0,0,0.0585034013605442,0.083984375,0.0849802371541502,0.154815481548155,0,0.1075,0,0,0,0,0,0,0,0,0,0,0,0,0,0,0,0,0,0,0,0,0,0,0,0,0,0,0,0,0.0302036993678295,0,0.0232223222322232,0,0,0.00720720720720721,0.0337837837837838,0.021319985168706,1
0,0,0,0,0,0,0,0,0,0,0,0,0,0,0,0,0,0,0,0,0,0,0,0,0,0,0,0,0,0,0,0,0,0,0.0184331797235023,0,0,0,0,0,0,0,0,0,0.004,0,0,0,0,0.529852493561227,0,0,0,0,0.00322672672672673,0.00600600600600601,0.242677048572488,-1
0,0,0.134453781512605,0,0.144,0,0.0660247592847318,0,0,0,0,0.152623211446741,0,0,0,0.0653061224489796,0.1875,0,0.216921692169217,0,0.30125,0,0.204255319148936,0,0,0,0,0,0,0,0,0,0,0,0,0,0,0,0,0,0,0,0,0,0.024,0,0,0,0,0.0189651135565441,0,0.0874887488748875,0.0735249621785174,0,0.0062012012012012,0.0578078078078078,0.0435669262143122,1
0,0,0,0,0,0,0,0,0,0,0,0,0,0,0,0,0,0,0.236723672367237,0,0.32875,0,0,0,0,0,0,0,0,0,0,0,0,0,0,0,0,0,0,0,0,0,0,0,0,0,0,0,0,0.122453757902131,0,0,0,0,0.000900900900900901,0.00225225225225225,0.00278086763070078,-1
0,0,0,0,0.065,0,0.0894085281980743,0,0,0,0,0,0,0,0,0.0884353741496599,0,0,0.529252925292529,0,0.08125,0,0,0,0,0,0,0,0,0,0,0,0,0,0,0,0,0,0,0,0,0,0,0,0.0325,0,0,0,0,0,0,0.317731773177318,0,0,0.00304054054054054,0.015015015015015,0.0216907675194661,1
0.04,0.00560224089635854,0,0,0,0,0,0,0.0680851063829787,0.0806845965770171,0,0.106518282988871,0,0,0.0346320346320346,0,0.09765625,0.0652173913043478,0.0522052205220522,0.0256,0.0525,0,0,0.018140589569161,0.0871261378413524,0.0754226267880364,0,0,0,0.0184331797235023,0,0,0,0,0,0.251152073732719,0.194484760522496,0,0.0144014401440144,0,0,0,0,0.00480192076830732,0,0,0,0,0.0211480362537764,0.095527979395926,0.0367197062423501,0,0.00363086232980333,0,0.00477327327327327,0.0773273273273273,0.306637004078606,-1
0,0,0,0,0,0,0,0,0,0,0,0,0,0,0,0,0,0,0,0,0,0,0,0,0,0,0,0,0,0,0,0,0,0,0,0,0,0,0,0,0,0,0,0,1,0,0,0,0,0,0,0,0,0,0,0,0.000741564701520208,-1
0,0,0,0,0.909,0,0,0,0,0,0,0,0,0,0,0,0,0,0,0,0,0,0,0,0,0,0,0,0,0,0,0,0,0,0,0,0,0,0,0,0,0,0,0,0,0,0,0,0,0,0,0,0,0,0,0,0,-1
0.0975,0,0,0,0,0.24223602484472,0.108665749656121,0,0,0,0,0.125596184419714,0,0,0,0,0.076171875,0,0.213321332133213,0,0.345,0,0.502127659574468,0.179138321995465,0,0,0,0,0,0,0,0,0,0,0,0,0,0,0,0,0,0,0,0,0,0,0,0,0,0.0142823694685085,0,0.11017101710171,0.0553706505295007,0,0.00251951951951952,0.00900900900900901,0.0137189469781238,1
0,0.0126050420168067,0,0,0,0,0,0,0,0,0,0.0286168521462639,0,0,0,0,0,0,0,0,0,0,0,0,0.011703511053316,0,0,0,0,0,0,0,0.383036935704514,0,0,0.0852534562211982,0.0261248185776488,0,0,0,0,0,0,0,0,0,0.0829493087557604,0.168224299065421,0,0.0437836572231328,0,0,0,0,0.00171321321321321,0.00600600600600601,0.039117538005191,-1
0,0,0,0,0,0,0,0,0,0,0,0,0,0,0,0,0,0,0.23042304230423,0,0,0,0,0,0,0,0,0,0,0,0,0,0,0,0,0,0,0,0,0,0,0,0,0,0,0.717086834733894,0,0,0,0,0,0.0446444644464446,0,0,0.00015015015015015,0.000750750750750751,0.00185391175380052,-1
0,0,0,0,0,0,0,0,0,0,0,0,0,0,0,0,0,0,0,0,0,0,0,0,0,0,0,0.852534562211982,0.518207282913165,0,0,0,0,0,0,0,0,0,0,0,0,0.518207282913165,0,0,0,0,0,0,0,0,0,0,0,0.924923076923077,0.00431681681681682,0.0112612612612613,0.00556173526140156,-1
0,0,0,0,0,0.391304347826087,0,0,0,0,0,0,0,0,0,0,0,0,0.0567056705670567,0,0,0,0,0,0.205461638491547,0,0,0,0,0,0,0,0,0,0.145161290322581,0,0,0,0,0,0,0,0,0.0378151260504202,0,0,0,0,0,0,0,0,0,0,0.000840840840840841,0.00600600600600601,0.0116796440489433,-1
0.085,0,0.476190476190476,0,0.102,0,0,0,0.28936170212766,0.249388753056235,0,0,0,0,0,0,0,0,0.0306030603060306,0.1632,0.085,0,0,0,0.0221066319895969,0,0,0,0,0,0,0,0,0,0,0,0,0,0,0,0,0,0,0,0,0,0,0,0,0,0,0.161836183618362,0.0317700453857791,0,1,1,0.247126436781609,1
0,0,0,0,0,0,0,0,0,0,0,0,0,0,0,0.14421768707483,0,0,0.0954095409540954,0,0,0,0,0,0,0,0,0,0,0,0,0,0,0,0,0,0,0,0,0,0,0,0,0,0.106,0.148459383753501,0,0,0,0.0327792086162491,0,0,0,0,0.00243993993993994,0.0345345345345345,0.0153874675565443,-1
0,0,0.224089635854342,0,0.08,1,0,0,0,0,0,0.127186009538951,0.29009009009009,0,0,0,0,0,0.362736273627363,0,0,0,0,0,0,0,0,0,0,0,0,0,0,0,0,0,0,0,0,0,0,0,0,0,0,0,0,0,0,0,0,0.157515751575158,0,0,0.00750750750750751,0.0352852852852853,0.0253985910270671,1
0,0,0,0,0,0,0,0,0,0,0,0.195548489666137,0,0,0,0,0,0,0.166516651665167,0,0.07625,0,0,0.138321995464853,0,0,0,0,0,0,0,0,0,0,0,0,0.0885341074020319,0,0,0,0,0.0861344537815126,0,0,0.0615,0.259103641456583,0,0,0,0.0229454460313744,0,0.0176417641764176,0,0,0.000941441441441441,0.0105105105105105,0.0127919911012236,-1
0,0,0,0,0,0,0,0,0,0,0,0.346581875993641,0,0,0,0,0,0,0.130513051305131,0,0,0,0,0,0.141742522756827,0,0,0.165898617511521,0,0,0,0,0,0,0,0,0,0,0,0,0,0,0,0.0870348139255702,0,0,0,0,0,0.0285647389370171,0,0,0,0,0.00117867867867868,0.0127627627627628,0.0137189469781238,-1
0,0,0.218487394957983,0,0,0,0,0,0,0,0,0,0.140540540540541,0,0,0,0,0,0,0,0.0975,0,0,0,0,0,0.0312,0,0,0,0,0,0,0,0,0,0,0,0,0,0,0,0,0,0.039,0,0,0,0,0.0938890189651136,0,0.0239423942394239,0,0,0.000848348348348348,0.00225225225225225,0.00648869113830182,-1
0,0,0,0,0.054,0.335403726708075,0,0,0,0,0,0.17329093799682,0,0,0,0,0,0,0.146714671467147,0,0.0675,0,0,0,0,0,0,0,0,0,0,0,0,0,0,0,0,0,0,0,0,0.0378151260504202,0,0,0,0,0,0,0.0752769385699899,0.0465933036759541,0,0,0,0,0,0,0.00241008527994067,-1
0,0,0.0896358543417367,0,0.064,0.397515527950311,0.0880330123796424,0.102564102564103,0,0,0,0.0508744038155803,0.0576576576576577,0,0,0.0435374149659864,0.0625,0.0632411067193676,0.204320432043204,0,0.405,0,0,0.072562358276644,0,0,0,0,0,0,0,0,0,0,0,0,0,0,0,0,0,0,0,0,0.032,0,0,0,0,0.0365254038866776,0,0,0.0472012102874433,0,0.00103303303303303,0.0135135135135135,0.0289210233592881,1
0,1,0,0,0,0,0,0,0,0,0,0,0,0,0,0,0,0,0,0,0,0,0,0,0,0,0,0,0,0,0,0,0,0,0,0,0,0,0,0,0,0,0,0,0,0,0,0,0,0,0,0,0,0,0.0012012012012012,0.003003003003003,0.00148312940304042,-1
0,0,0,0,0,0,0,0,0,0,0,0.136724960254372,0.154954954954955,0,0,0,0,0,0,0,0,0,0,0,0.225617685305592,0,0,0,0,0,0,0,0,0,0,0,0.124818577648766,0,0,0,0,0,0,0,0,0,0,0,0,0,0,0,0,0,0.00198498498498499,0.00750750750750751,0.0131627734519837,-1
0,0,0,0,0,0,0,0,0,0.337408312958435,0,0,0,0,0,0,0,0,0.374437443744374,0,0,0,0,0,0,0,0,0,0,0,0,0,0,0,0,0,0,0,0,0,0,0,0,0,0,0.19327731092437,0,0,0,0,0,0,0,0,0.000750750750750751,0.00225225225225225,0.00426399703374119,-1
0,0.0392156862745098,0.0784313725490196,0,0,0,0.0770288858321871,0,0,0.136919315403423,0.14,0.0890302066772655,0.0504504504504505,0,0,0.191836734693878,0.0546875,0,0.177317731773177,0,0.14,0,0,0,0,0,0,0,0,0,0,0,0,0,0,0,0,0,0,0,0,0,0,0,0.014,0,0,0,0,0.02762819011941,0,0.0284428442844284,0,0.0972307692307692,0.0123873873873874,0.295045045045045,0.102706711160549,1
0,0,0,0,0,0,0,0,0,0,0,0.205087440381558,0,0,0,0,0,0,0,0,0,0,0,0,0,0,0,0,0,0,0,0,0,0,0,0,0.0928882438316401,0,0,0,0,0,0,0,0,0,0,0,0,0,0,0,0,0,0.00191441441441441,0.00525525525525526,0.0166852057842047,-1
0,0,0,0,0,0,0,0,0,0,0,0,0,0,0,0,0,0,0,0,0,0,0,0,0,0,0,0,1,0,0,0,0,0,0,0,0,0,0,0,0,1,0,0,0,0,0,0,0,0,0,0.202160216021602,0,0,0.000450450450450451,0.00225225225225225,0.00222469410456062,-1
0,0,0,0,0,0,0,0,0,0,0,0,0,0,0,0,0,0,0,0,0,0,0,0,0,0,0,0,0,0,0,0,0,0,0,0,0,0,0,0,0,0,0,0,0.1665,0,0,0,0,0.147038164364317,0,0,0,0,0.000750750750750751,0.003003003003003,0.00259547645532073,-1
0,0,0.218487394957983,0,0.117,0,0,0,0,0,0,0.0620031796502385,0,0,0,0.106122448979592,0,0,0.14041404140414,0,0.245,0,0,0.17687074829932,0,0,0,0,0,0,0,0,0,0,0,0,0,0,0,0,0,0,0,0,0,0,0,0,0,0,0,0,0.0284417549167927,0,0.00467117117117117,0.0142642642642643,0.0409714497589915,1
0,0,0,0,0,0,0,0,0,0,0,0,0.29009009009009,0,0,0,0,0,0,0,0,0,0,0,0,0,0,0,0,0,0,0,0,0,0,0,0,0,0,0,0,0,0,0,0,0,0,0,0,0,0,0,0,0,0.000576576576576576,0.00225225225225225,0.00315164998146088,-1
0.06,0,0.0672268907563025,0,0,0.298136645962733,0.0330123796423659,0,0,0.117359413202934,0.12,0.114467408585056,0.216216216216216,0,0,0.228571428571429,0.140625,0,0.172817281728173,0,0.21,0,0.102127659574468,0,0,0,0,0,0,0,0,0,0,0,0,0,0,0,0,0,0,0,0,0,0,0,0,0,0,0,0,0.121872187218722,0.25052950075643,0.0923076923076923,0.0050045045045045,0.0382882882882883,0.0793474230626622,1
0.215,0,0,0,0,0,0,0,0,0,0,0,0,0,0,0,0,0,0,0,0,0,0,0,0,0,0,0,0,0,0,0,0.117647058823529,0,0,0,0,0.551282051282051,0,0,0,0,0,0.103241296518607,0,0,0,0,0,0,0,0,0,0,0.000846846846846847,0.0045045045045045,0.0111234705228031,-1
0.19,0.0266106442577031,0,0,0.038,0.236024844720497,0,0,0,0.0929095354523227,0,0.243243243243243,0,0,0,0,0,0,0.172817281728173,0,0.38375,0.0284857571214393,0,0,0,0,0,0,0,0,0,0,0,0,0,0,0,0,0,0,0,0,0,0,0,0,0,0,0,0.0290330133458206,0,0.0223222322232223,0,0.0381538461538462,0.133483483483483,0.551051051051051,0.166481275491287,1
0,0,0,0,0,0,0,0,0,0,0,0,0,0,0,0,0,0,0,0,0,0,0,0,0,0,0,0,0,0,0,0,0,0,0,0,0,0,0,0,0,0,0,0,0.125,0,0,0,0,0,0,0,0,0,5e-04,0.0015015015015015,0.00203930292918057,-1
0,0,0,0,0,0,0,0,0,0,0,0.160572337042925,0,0,0,0.137414965986395,0,0,0.181818181818182,0,0,0,0,0,0,0,0,0,0,0,0,0,0,0,0,0,0,0,0,0,0,0,0,0,0,0,0,0,0,0,0,0.0588658865886589,0,0,0.000394894894894895,0.00375375375375375,0.00426399703374119,-1
0,0,0.0980392156862745,0,0.035,0.440993788819876,0,0,0,0,0,0.112877583465819,0,0,0,0,0,0,0.0639063906390639,0,0.04375,0,0,0,0,0,0,0,0,0,0,0,0.0478796169630643,0,0,0,0.0507982583454282,0,0.0315031503150315,0,0,0,0.0980392156862745,0,0.0175,0,0,0,0,0.0290330133458206,0,0.066966696669667,0,0,0.000962462462462463,0.00825825825825826,0.0202076381164257,-1
0,0,0,0,0,0,0,0,0,0.237163814180929,0,0,0,0,0,0,0,0,0,0,0,0,0,0,0,0,0.0388,0,0,0,0,0,0,0,0,0,0,0,0,0,0,0,0,0,0,0,0,0,0,0.114961367361274,0.0997552019583843,0,0,0,0.00497297297297297,0.024024024024024,0.0253985910270671,-1
0,0,0,0,0.101,0,0,0,0,0,0,0,0,0,0,0,0,0,0,0,0,0,0,0,0,0,0,0,0,0,0,0,0,0,0,0,0.732946298984035,0,0,0,0,0,0,0,0,0,0,0,0,0.0206040739873566,0,0,0.0266263237518911,0,0.00858558558558558,0.024024024024024,0.0396737115313311,1
0,0,0,0,0,0,0,0,0,0,0,0,0,0,0,0,0,0,0,0,0,0,0,0,0,0,0,0,0,0,0,0,0,0,0,0,0,0,1,0,0,0,0,0,0.5555,0,0,0,0,0.349332708967455,0,0,0,0,0.000857357357357357,0.00225225225225225,0.00185391175380052,-1
0.31,0,0,0,0,0,0,0,0,0.15158924205379,0,0.197138314785374,0,0,0,0.0843537414965986,0,0,0.167416741674167,0,0.3875,0,0,0,0,0,0,0,0,0,0,0,0,0,0,0,0,0,0,0,0,0,0,0,0.062,0,0,0,0,0.0234137204401779,0,0.198919891989199,0.0608169440242057,0,0.0178738738738739,0.115615615615616,0.050055617352614,1
0,0,0,0,0,0,0,0.355769230769231,0,0,0,0,0,0,0,0,0,0,0,0,0,0,0.472340425531915,0,0,0,0,0,0,0,0,0,0,0,0,0,0,0,0,0,0,0,0,0,0.0555,0,0,0,0,0.0487005385155701,0,0.0374437443744374,0.125869894099849,0,0.00442942942942943,0.0165165165165165,0.014460511679644,1
0,0,0.198879551820728,0,0.071,0,0,0,0,0,0,0,0,0,0,0.0965986394557823,0,0,0.127812781278128,0,0.08875,0,0,0,0,0,0,0,0,0,0,0,0,0,0,0,0,0,0,0,0,0,0,0,0.0355,0,0,0,0,0.0283306017326153,0,0.196939693969397,0,0,0.00153303303303303,0.0112612612612613,0.0174267704857249,1
0,0,0,0,0,0,0,0,0,0,0,0.155802861685215,0,0,0,0,0,0,0,0,0,0,0,0,0.0318595578673602,0.127438231469441,0,0,0,0,0,0,0,0,0,0,0,0,0,0,0,0,0,0,0,0,0,0.457943925233645,0,0,0,0.0286228622862286,0,0,0.000675675675675676,0.0045045045045045,0.0135335558027438,-1
0,0.0567226890756303,0,0,0.203,0,0,0.128205128205128,0,0.295843520782396,0,0.128775834658188,0,0,0,0.054421768707483,0,0,0.328532853285329,0,0.2025,0,0.68936170212766,0.090702947845805,0,0,0,0,0,0,0,0,0,0,0,0,0,0,0,0,0,0,0,0,0.02,0,0,0,0,0,0,0,0.0822995461422088,0,0.00329129129129129,0.0247747747747748,0.0305895439377086,1
0,0,0.0784313725490196,0,0.028,0,0,0,0,0,0,0.311605723370429,0,0,0,0,0,0,0,0,0,0,0,0,0,0,0,0,0,0,0,0,0,0,0.0645161290322581,0,0.0812772133526851,0,0,0,0,0,0,0,0,0,0,0,0,0.0421446967923203,0,0,0,0,0.000785285285285285,0.00750750750750751,0.0294771968854283,-1
0,0,0.310924369747899,0,0,0,0.152682255845942,0,0,0,0.555,0.176470588235294,0,0,0,0.302040816326531,0,0,0.2997299729973,0,0.41625,0,0,0,0,0,0,0,0,0,0,0,0,0,0,0,0,0,0,0,0,0,0,0,0,0,0,0,0,0.0323109342074456,0,0.0248424842484248,0.0417549167927383,0,0.00255255255255255,0.00750750750750751,0.00982573229514275,1
0,0.0875350140056022,0,0,0,0,0,0,0.263829787234043,0.305623471882641,0,0,0,0,0,0,0,0,0.168316831683168,0,0.15625,0,0,0,0.121586475942783,0.243172951885566,0.05,0.430875576036866,0.0434173669467787,0.430875576036866,0.142857142857143,0.142857142857143,0,0.142857142857143,0.430875576036866,0.142857142857143,0.271407837445573,0,0.0558055805580558,0.142857142857143,0,0,0.173669467787115,0,0.0935,0,0,0,0,0.111215172090845,0.348837209302326,0,0,0,0.00185885885885886,0.00825825825825826,0.0259547645532073,-1
0,0,0.0896358543417367,0,0.064,0.397515527950311,0.0440165061898212,0.102564102564103,0,0,0,0.0508744038155803,0.0576576576576577,0,0,0.0435374149659864,0.0625,0,0.204320432043204,0,0.405,0,0,0.072562358276644,0,0,0,0,0,0,0,0,0,0,0,0,0,0,0,0,0,0,0,0,0.016,0,0,0,0,0.0248185436665886,0,0,0.0481089258698941,0.0326153846153846,0.000806306306306306,0.00675675675675676,0.0263255469039674,1
0,0,0,0,0,0,0,0,0,0,0,0.222575516693164,0,0,0,0,0.13671875,0,0.126012601260126,0,0.175,0,0,0,0,0,0.028,0,0,0,0.161290322580645,0,0,0,0,0,0,0,0,0.486175115207373,0,0,0,0,0,0,0,0,0,0.0622804963708733,0.0403916768665851,0,0,0,0.0255255255255255,0.149399399399399,0.0698924731182796,-1
0.31,0.0287114845938375,0.34733893557423,0,0,0,0,0,0,0,0,0.0651828298887122,0,0,0,0.0557823129251701,0,0.162055335968379,0.335733573357336,0,0.155,0,0,0.0929705215419501,0,0,0,0,0,0,0,0,0,0,0,0,0,0,0,0,0,0,0,0,0.0205,0,0,0,0,0.0152189182861157,0,0.082988298829883,0.15945537065053,0,0.00325225225225225,0.0135135135135135,0.0209492028179459,1
0,0,1,0,0,0,0,0,0,0,0,0,0,0,0,0,0,0,0,0,0,0,0,0,0,0,0,0,0,0,0,0,0,0,0,0,0,0,0,0,0,0,0,0,0,0,0,0,0,0.173261531257317,0,0.133213321332133,0,0,0.00175075075075075,0.0045045045045045,0.0046347793845013,-1
0,0,0,0,0.104,0.645962732919255,0,0,0,0,0,0,0,0,0,0.850340136054422,0,0,0.374437443744374,0,0,0,0,0,0,0,0,0,0,0,0,0,0,0,0,0,0,0,0,0,0,0,0,0,0,0,0,0,0,0,0,1,0,0,0.00341591591591592,0.00975975975975976,0.0174267704857249,1
0.225,0,0.252100840336134,0,0,0,0,0,0,0,0,0,0,0,0,0,0,0.177865612648221,0.324032403240324,0,0,0,0,0,0,0,0,0,0,0,0,0,0,0,0,0,0,0.576923076923077,0,0,0,0,0,0.108043217286915,0.045,0,0,0,0,0,0,0,0,0,0.00109159159159159,0.003003003003003,0.00333704115684093,-1
0,0,0,0,0,0,0,0,0,0.110024449877751,0,0,0,0,0,0,0,0,0,0,0,0,0,0,0,0,0.018,0,0,0,0,0,0,0,0,0,0,0,0,0,0,0,0,0,0,0,0,0,0,0.0508077733551861,0.177478580171359,0,0,0,0.0051966966966967,0.0202702702702703,0.053578049684835,-1
0,0,0,0,0,0,0,0,0,0,0,0,0,0,0,0,0,0,0,0,0,0,0,0,0.394018205461638,0.394018205461638,0.1212,0.69815668202765,0.21218487394958,0.69815668202765,0.69815668202765,0.69815668202765,0,0.69815668202765,0.69815668202765,0.69815668202765,0,0,0,0.69815668202765,0,0,0,0,0,0,0,0,0,0.210723483961602,0,0,0,0,0.00262762762762763,0.00750750750750751,0.00593251761216166,-1
0,0.0623249299719888,0.322128851540616,0,0.012,0,0,0.0384615384615385,0.106382978723404,0.0293398533007335,0.06,0.0604133545310016,0.0216216216216216,0,0.497835497835498,0,0.0234375,0.403162055335968,0.252925292529253,0.0192,0.15875,0,0,0.0272108843537415,0,0,0,0,0,0,0,0,0,0,0,0.0276497695852535,0,0,0,0,0,0,0,0,0,0,0,0,0,0.0433153828143292,0,0.0666066606660666,0.0184568835098336,0,0.00281981981981982,0.0623123123123123,0.0878754171301446,1
0,0,0,0,0.151,0,0,0,0,0,0,0.481717011128776,0,0,0,0,0,0,0.135913591359136,0,0,0,0,0,0,0,0,0,0,0,0,0,0,0,0,0,0,0,0,0,0,0,0,0.0906362545018007,0,0,0,0,0,0.128073050807773,0,0,0,0,0.00112612612612613,0.003003003003003,0.0050055617352614,-1
0,0,0,0,0,0,0,0,0,0,0,0,0,0,0,0,0,0,0,0,0,0,0,0,0,0,0,0,0,0,0,0,0,0,0,0,0.284470246734398,0,0.176417641764176,0,0,0,0.274509803921569,0,0,0,0,0.91588785046729,0,0.0882697260594709,0,0.0225022502250225,0,0,0.00289039039039039,0.0195195195195195,0.0291064145346682,-1
0,0.0336134453781513,0.134453781512605,0,0.146,0,0.0660247592847318,0,0,0.237163814180929,0.24,0,0,0,0,0.0653061224489796,0,0,0.0873087308730873,0.0768,0.24375,0,0,0.108843537414966,0,0,0,0,0,0,0,0,0,0,0,0,0.211901306240929,0,0,0.110599078341014,0,0,0,0,0,0,0,0,0,0.0170920159213299,0,0.106030603060306,0.0889561270801815,0,0.00578078078078078,0.0345345345345345,0.03578049684835,1
0,0,0,0,0,0,0,0,0,0,0,0,0,0,0,0,0,0,0.187218721872187,0,0,0,0,0,0,0,0,0,0,0,0,0,0,0,0,0,0,0,0,0,0,0,0,0,0,0,0,0,0,0,0,0,0,0,0.000642642642642643,0.00225225225225225,0.00166852057842047,-1
0,0,0.100840336134454,0,0,0.0559006211180124,0,0.0288461538461538,0,0,0.045,0.0572337042925278,0.0162162162162162,0,0,0,0.052734375,0,0,0,0,0,0.0382978723404255,0,0.208062418725618,0,0,0,0,0,0,0,0.0369357045143639,0,0,0,0,0,0,0,0,0,0.0252100840336134,0,0,0,0,0,0.0251762336354481,0.0412081479747132,0,0,0.037821482602118,0,0.00203603603603604,0.015015015015015,0.118650352243233,-1
0.0625,0,0.142857142857143,0,0,0.15527950310559,0,0,0,0.0293398533007335,0,0,0.045045045045045,0,0,0.0340136054421769,0.048828125,0.075098814229249,0.16021602160216,0,0.06375,0,0,0,0,0,0,0,0,0,0,0,0,0,0,0,0,0,0,0,0,0,0,0,0.019,0.607843137254902,0,0,0.00478348439073515,0.00444860688363381,0,0,0.0114977307110439,0,0.000963963963963964,0.012012012012012,0.0381905821282907,-1
0,0,0,0,0,0,0,0,0,0,0,0,0,0,0,0,0,0,0,0,0,0,0,0,0,0,0,0,0,0,0,0,0,0,0,0,0,0,0,0,0,0.538515406162465,0,0,0,0,0,0,0,0,0,0,0,0,0.0006006006006006,0.00225225225225225,0.00241008527994067,-1
0.245,0.0112044817927171,0.11484593837535,0,0.008,0.149068322981366,0,0.0256410256410256,0,0.119804400977995,0.04,0.0906200317965024,0.162162162162162,0,0.0692640692640693,0,0,0.0632411067193676,0.221422142214221,0,0.1425,0,0.208510638297872,0.258503401360544,0,0,0,0,0,0,0,0,0,0,0,0,0,0,0,0,0,0,0,0,0,0,0,0,0,0.022243034418169,0,0.135193519351935,0.0771558245083207,0.0584615384615385,0.00474924924924925,0.0623123123123123,0.131813125695217,1
0,0,0.442577030812325,0,0,0,0,0,0,0,0,0,0,0,0,0,0,0,0,0,0,0,0,0,0,0,0,0,0,0,0,0,0,0,0,0.364055299539171,0,0,0.142214221422142,0,0,0,0,0,0,0,0,0,0,0,0,0,0,0,0.000696696696696697,0.0045045045045045,0.00741564701520208,-1
0.3675,0,0,0,0,0,0,0,0,0.359413202933985,0,0,0.264864864864865,0,0,1,0,0,0.264626462646265,0,0.18375,0,0,1,0,0,0,0,0,0,0,0,0,0,0,0,0,0,0,0,0,0,0,0,0,0,0,0,0,0,0,0.228982898289829,0.0768532526475038,0,0.00759009009009009,0.0465465465465465,0.0200222469410456,1
0,0,0.0896358543417367,0,0.032,0,0,0,0,0,0,0.101748807631161,0,0,0,0,0,0,0.0288028802880288,0,0,0,0,0,0.0416124837451235,0.0832249674902471,0,0,0,0,0,0,0,0,0,0.0737327188940092,0.0928882438316401,0,0,0,0,0,0,0,0,0,0,0,0,0.00936548817607118,0,0,0,0,0.00101651651651652,0.00675675675675676,0.028735632183908,-1
0,0,0,0,0,0,0,0,0,0,0,0,0,0,0,0,0,0,0.0918091809180918,0,0.1275,0,0,0,0,0,0,0,0,0,0,0,0,0,0,0,0,0.653846153846154,0,0,0,0.0714285714285714,0,0,0,0,0,0,0,0,0,0,0.042965204236006,0,0.00128678678678679,0.00675675675675676,0.0118650352243233,-1
0,0,0,0,0,0,0,0.346153846153846,0,0,0,0,0,0.194594594594595,0,0,0,0,0,0,0,0,0.459574468085106,0,0,0,0,0,0,0,0,0,0,0,0,0,0,0,0,0,0,0,0,0,0.054,0,0,0,0,0.0447202060407399,0,0.0343834383438344,0.11588502269289,0,0.00442942942942943,0.0165165165165165,0.014460511679644,1
0,0,0,0,0,0,0,0,0,0,0,0.224165341812401,0,0,0,0,0.13671875,0,0.126912691269127,0,0.17625,0,0,0,0,0,0.028,0,0,0,0.161290322580645,0,0,0,0,0,0,0,0,0.488479262672811,0,0,0,0,0,0,0,0,0,0.0625146335752751,0.0403916768665851,0,0,0,0.0253108108108108,0.148648648648649,0.0693362995921394,-1
0.03,0,0.0336134453781513,0,0,0,0,0,0,0,0.06,0.0604133545310016,0,0,0,0,0.0234375,0,0.16021602160216,0,0.06375,0,0,0,0,0,0,0,0,0,0,0,0,0,0,0,0.0174165457184325,0,0,0,0,0.0175070028011204,0,0,0.006,0.0882352941176471,0,0,0.00453172205438066,0.0173261531257317,0,0.0099009900990099,0,0.0110769230769231,0.00312312312312312,0.0465465465465465,0.0774935113088617,-1
0,0.0490196078431373,0.294117647058824,0,0.035,0,0,0,0,0,0,0.111287758346582,0,0,0,0.0476190476190476,0,0.276679841897233,0.221422142214221,0,0.175,0,0,0,0,0,0,0,0,0,0,0,0,0,0,0,0,0,0,0,0,0,0,0,0.0175,0,0,0,0,0.0131116834464996,0,0.161476147614761,0,0,0.00515015015015015,0.0900900900900901,0.0647015202076381,1
0,0,0.366946778711485,0,0,0,0,0,0,0,0,0.208267090620032,0,0,0,0,0,0,0.117911791179118,0,0.6575,0,0,0.297052154195011,0,0,0,0,0,0,0,0,0,0,0,0,0,0,0,0,0,0,0,0,0,0,0,0,0,0,0,0,0.0644478063540091,0,0.00573273273273273,0.018018018018018,0.0096403411197627,1
0.0275,0,0.030812324929972,0,0.011,0.0683229813664596,0,0,0.438297872340426,0,0,0.0540540540540541,0,0,0,0,0,0,0.0405040504050405,0,0.0275,0,0,0,0.0370611183355006,0.0884265279583875,0.0044,0,0,0,0,0,0.0465116279069768,0,0,0,0.0319303338171263,0,0,0,0,0,0,0,0,0,0,0,0.0196374622356495,0.0400374619527043,0.0189718482252142,0,0.00937972768532526,0,0.00361411411411411,0.03003003003003,0.0989988876529477,-1
0.065,0,0.145658263305322,0,0.052,0,0,0,0,0.0635696821515892,0,0.041335453100159,0,0,0,0,0,0.0513833992094862,0.117911791179118,0,0.0325,0,0,0,0,0,0,0,0,0,0,0,0,0,0,0,0,0,0,0,0,0,0,0.0156062424969988,0.026,0.0364145658263305,0,0,0.0118328298086606,0.0110044486068836,0,0.00846084608460846,0,0,0.000121621621621622,0.0015015015015015,0.0096403411197627,-1
0,0,0,0,0.053,0,0,0,0,0,0,0.0842607313195548,0.0954954954954955,0,0,0,0,0,0.0477047704770477,0,0.1325,0,0,0,0,0,0.0424,0,0,0,0,0,0,0,0,0,0,0,0,0,0,0,0,0,0.0265,0,0,0,0,0.0440177944275345,0,0,0,0,0.000213213213213213,0.0015015015015015,0.00723025583982202,-1
0,0,0,0,0,0,0,0,0,0.202933985330073,0,0,0,0,0,0,0,0,0,0,0,0,0,0,0,0,0.0332,0,0,0,0,0,0.113543091655267,0,0,0,0,0,0,0,0,0,0,0,0.0415,0,0,0,0,0.0306719737766331,0.160342717258262,0,0,0,0.0046966966966967,0.0202702702702703,0.0296625880608083,-1
0,0,0,0,0,0,0,0,0,0,0,0,0,0,0,0.161904761904762,0.232421875,0,0.107110711071107,0,0,0,0.506382978723404,0,0,0,0,0,0,0,0,0,0,0,0,0,0,0,0,0,0,0,0,0,0,0,0,0,0,0,0,0.212601260126013,0.238124054462935,0,0.00431681681681682,0.0225225225225225,0.0170559881349648,1
